movie_id,predicted_genres
10173,Drama Thriller
50382,Drama
12845,Crime Drama
29196,
7170,Drama Horror Thriller
36584,Drama
33127,Drama
39999,
39882,Action
51809,Drama
24962,Drama
14342,
11542,Drama
9627,Comedy Drama
19803,Comedy
34192,Action Thriller
23631,
36495,Drama
19444,Drama
2453,Comedy
17167,Thriller
35581,Comedy
20512,Children Comedy
48367,Thriller
34480,
12182,Documentary
1553,Comedy
10212,Drama Western
31909,Drama
35355,Drama
42471,Drama
28733,
50061,Drama
16907,
19420,Drama
49356,Comedy Musical
42170,Action Thriller
16902,Comedy
2872,Horror
33131,Horror
11680,
21078,Drama
27936,Drama
5368,
9549,Comedy Crime
43752,Children Comedy
15222,Drama
38371,
9114,
48355,
246,Action Comedy
21685,
2716,Drama
22156,Drama
38353,Horror
36587,Drama
11145,Comedy
48797,Comedy Drama
9975,Drama
10987,Drama
28880,Adventure Animation Comedy Fantasy
32823,Drama
50965,Drama
5666,Crime Thriller
48800,Drama
9258,
12815,Action Sci-Fi
15773,Drama
28796,Drama
7321,
9007,
16506,Drama
29651,Comedy Musical
14615,Drama
25600,Documentary
11693,Action
14547,Drama
22919,Documentary
8685,
38380,
43807,
12022,Comedy
34525,Crime Drama
21643,Drama
47102,Horror Thriller
46198,Documentary
24791,Documentary
4516,Comedy Drama
12563,Drama
24184,Fantasy
43230,Drama
9757,
48772,Thriller
13800,
22515,Documentary
45608,
6467,Crime
36678,Drama
7239,Drama
14614,
25695,Drama
16647,
27919,
39029,
3194,
43748,
34410,Comedy
9133,Drama
4751,Comedy
30493,
51594,Comedy
38384,
43636,Comedy
6943,Comedy
12382,
42548,Documentary
48049,Drama
31733,Documentary
25839,Drama
14244,
39404,Documentary
43164,Comedy Drama
28571,Comedy
37778,Drama
10725,Drama
37274,
9337,Documentary
48610,
35274,
7407,Documentary
25742,Drama
8054,
50067,Drama
30364,
44990,
35717,
33,
30605,Drama
29175,Documentary Drama
31301,
36881,Comedy Drama
19606,Drama
28825,Action
24500,Action Crime Drama Thriller
27911,Drama
11890,
23303,Drama
50008,Comedy
30236,Drama
40977,Comedy Drama
50791,Adventure
1354,Sci-Fi
19731,Sci-Fi
23739,Documentary
23770,Drama
5974,Comedy
23219,
38907,Action Sci-Fi
2214,
49702,Drama
39965,Sci-Fi
41119,Documentary
13161,
18244,Thriller
7606,Drama
22123,Horror
21018,Drama Thriller
18649,Comedy
28229,Horror Thriller
27008,Thriller
16655,
33184,Drama
42251,Crime Thriller
20098,Drama War
7948,
22836,Drama
48917,Comedy
44672,Drama
2262,Drama
50731,Drama
13904,
41920,Drama
11995,
42957,Drama
44244,Comedy Drama
47596,Comedy
24914,Horror
3857,Drama
3417,Drama
1970,Drama
50828,Comedy Drama
45493,Drama
16510,Drama
43456,Comedy Drama Romance
26188,Comedy Drama Romance
5853,Drama
36633,Comedy
18752,
43433,
33952,
20933,Drama
11417,Drama
24681,Drama Thriller
22319,Drama
48774,Horror Thriller
33954,Drama
34225,Comedy Drama
22354,
35064,
42940,Horror
44615,Comedy
26098,Drama
37836,
8122,Sci-Fi
21990,Comedy Romance
6150,
12073,Action Thriller
52038,
2992,Comedy
50549,Drama War
13238,
28046,
1835,Comedy
21666,
27335,Drama Thriller
24527,Drama
9544,Drama
11163,Comedy Drama
42731,Drama Romance
27867,
27711,Drama
26349,Drama
50824,Comedy Romance
38700,Documentary
33845,Drama
34857,
5481,Drama
18298,Crime
18282,Drama
24511,Horror
31985,
40249,Comedy Sci-Fi
16071,Drama
35388,Documentary
4322,Action
23655,Horror
5454,Comedy Drama Romance
28961,
28627,Drama
40199,Drama
20645,Drama Thriller
47690,Action Western
37862,Drama
26600,Documentary
14405,Action
3774,Action
13930,Comedy Drama
29320,Thriller
51328,Comedy
46722,
44420,Comedy Romance
7813,Drama
2960,Drama
51872,Comedy
14609,Sci-Fi
37458,Drama
21054,Drama
737,Thriller
23621,Comedy Drama
3496,Drama War
43212,Drama
47204,
15577,Drama
29574,Drama
27542,Documentary
9010,Horror
22394,Documentary
29455,Western
39197,Horror
46078,
7166,Comedy Drama
27083,Comedy Drama Romance
40784,Horror
23299,Drama
6194,Action
18567,Drama
43059,Drama
19296,Drama
46200,Drama Mystery Thriller
42844,Comedy
38541,
14889,
15896,
51174,
42458,Comedy
11706,
2585,Action
21500,Comedy
22690,Drama
42879,Drama
17991,
51565,Drama
6279,
46207,Drama
39439,Drama
11994,
21743,Horror Thriller
28471,
30416,Animation
7392,
41720,Comedy
36192,
15608,Drama
27981,Drama
1979,Drama
28516,
49486,Comedy
43991,Drama
39924,Thriller
29179,Horror Thriller
26457,Documentary
5221,Drama
16379,
33458,Thriller
31225,Action Thriller
20270,Comedy
32471,Action Crime
14704,Drama
35032,
6412,
29011,Animation Comedy
9082,Drama
18345,Drama
11784,Comedy Drama Romance
9793,Horror
45647,Drama
23588,Drama
28180,Drama
27983,
16003,Comedy Drama
22182,Drama
8667,
12099,Comedy
19859,Drama
19543,Drama Romance
48296,Drama
25606,Drama
19935,Action
49862,Drama
29691,Drama
22313,
27978,Drama
20632,Drama
47558,Documentary
25891,Action Drama
51773,Action Adventure Sci-Fi
6309,Action Drama
14833,Drama
27714,Drama
1302,Comedy Drama Romance
17383,Documentary
41441,
47457,Horror Thriller
7876,Drama
13687,
14657,Horror Thriller
12452,Drama
31203,Drama
42928,Action Sci-Fi
11011,
6967,Drama
47016,
33229,Drama
9048,Comedy
836,Crime Drama
30686,Comedy
19812,Drama
12768,Drama
32817,
2323,Drama
20408,Action Thriller
12760,Drama Romance
14437,Drama
26675,
27160,Comedy
3650,Action
21058,Drama
26063,Horror
31099,Comedy
22718,Drama
29916,Sci-Fi
37270,Drama
7751,Documentary
2788,
40866,Documentary
19551,Drama
35899,Drama
30057,Drama
8123,Drama Romance
40448,Drama Romance
26108,
21157,
11492,
23365,Comedy
34300,Action
47749,Comedy
24102,Drama
19192,Drama
38217,Drama
9564,Drama Romance
38251,Sci-Fi
48754,Drama
26284,Documentary
1513,Drama
2862,Drama Romance
36775,Comedy Drama
50397,Drama Romance
41810,
50075,Drama
31691,
7465,
3999,Comedy
38335,Drama
35147,Drama
13150,Drama
12986,Drama
34039,Comedy
11691,Comedy
13362,
38901,Horror Thriller
15610,
29049,Drama
52018,Horror Thriller
34810,Comedy Drama Romance
25896,
1240,Action
28114,Drama
28106,Drama
33534,Drama
5033,Thriller
12652,Comedy Thriller
32632,Horror
46324,Comedy
51185,Drama
3645,
1083,
50793,Drama War
36181,Drama
7237,Action
27688,Horror Sci-Fi
23783,Documentary
3880,
18906,Drama
29970,Action
14127,Drama
9715,Drama
20780,Crime
11783,Drama
50857,Drama
1004,Drama
28245,Children Comedy
4596,Drama
23519,
23392,
22540,Documentary
31320,Drama
22514,Drama
41463,Drama
9579,Crime Thriller
11525,
43726,
3531,
44384,Drama
6837,
3413,Drama
15013,Documentary
48776,
15119,Drama
14670,Drama Thriller
41728,Drama
1125,Comedy
42926,Drama
41067,Drama Romance
11848,Comedy
16627,Sci-Fi
25945,
22032,Drama
23458,
22458,Drama
31682,Documentary
21557,Adventure Fantasy
12821,Drama
49836,Drama
42848,Adventure
11242,Adventure
18024,Drama War
51882,Comedy
49298,Horror Thriller
23422,Horror
25080,Comedy
37858,Drama
14472,Comedy
24007,Drama Romance
18590,Drama
41076,
1492,Comedy Drama
48286,Drama
46374,Action Drama
39895,
37681,Drama
36131,Drama
30740,Comedy
29712,
36919,
30456,
50226,Drama
40236,
12369,Drama
43137,Comedy
24026,Drama
9924,Drama
40058,Documentary
38318,Drama
39087,Action Crime Thriller
4485,Drama
39461,Horror Thriller
41525,
47696,Drama
28589,Comedy
22479,Comedy
48827,Drama
9595,Drama
9463,Documentary
38733,Drama
17541,Comedy
2477,Drama
2969,Comedy
50059,Drama
4291,War
41875,Drama
43614,
48987,Drama
335,Horror
35198,Drama
37591,
14312,War
27359,
42424,Sci-Fi
36624,Drama
31388,
8826,Action Drama War
25553,Drama
28777,Drama
21143,Drama
31179,Drama
6940,
30229,Comedy
12125,Drama
12486,Comedy
24222,Drama
36394,
16437,Drama
11342,
6291,
25266,Drama
42166,
35150,Comedy
34699,Drama
2052,Drama Romance
26367,
31797,Horror
23054,Documentary
11290,Drama
31924,Action
11925,Horror Thriller
15253,
38602,Comedy Drama
38375,
42021,Horror
23833,
50829,
41642,Drama
26956,
14950,Crime Drama Thriller
36135,Comedy
32314,Drama
49299,Sci-Fi
21547,Comedy
18147,Comedy Drama
4226,Drama
9605,Documentary
1506,Crime Thriller
37133,Action Adventure Animation Fantasy Sci-Fi
4713,Drama
28192,Sci-Fi
23143,Action Horror
16964,Documentary
50364,Drama
10033,
17891,Comedy
23280,
28879,Drama
42154,Documentary
4203,Thriller
31958,Documentary
40669,Drama
1546,Action Western
37923,Drama
3859,
15496,Documentary
3870,Sci-Fi Thriller
21715,Crime
35808,Drama
3157,Drama
7912,Horror
10024,Drama
35142,Drama
36390,Drama
36841,
11958,Comedy
32226,Drama
3856,Drama
28066,
31322,
26644,Drama
44857,
31638,Drama War
48934,
24666,Drama
20014,Action Comedy
24459,Drama
32717,Horror Thriller
25814,Crime Drama
32049,Action
22826,
43389,Drama Romance
48385,
42442,Thriller
40562,
25450,Comedy
21321,
27094,Drama
789,
49395,Comedy Drama Romance
32461,Comedy
3345,Action
47341,
23090,
43816,Drama
51201,Drama
832,Drama Romance
29489,Drama
23452,Horror Thriller
4720,Action
7287,Drama
19828,Drama
19383,
35073,Documentary
16397,
2015,
6914,
19170,Drama
46776,Crime Drama
26314,Drama
29421,Drama
7001,Comedy Drama Romance
21809,Action Crime
19930,Drama
25924,
14206,Documentary
36281,
35867,Drama
30617,Drama
33826,Action Crime Thriller
25689,
12576,Documentary
42216,Action
28001,
46835,Comedy Drama
51485,Comedy Drama
40183,
48426,Documentary Drama
42451,Horror
2550,
33066,Drama
24653,
22474,Drama
6526,
37683,
18767,Action
48756,
10019,Comedy
111,Drama
26880,Drama
51890,Documentary
35729,
20626,Drama
15548,Documentary
35955,Comedy Drama
32803,
28963,Documentary
21635,Drama
45014,Drama
30959,Comedy Crime Drama
40601,Comedy
12281,Drama
43538,Comedy Drama
30923,Comedy Drama
50498,Comedy
5206,Crime Drama
18186,
27577,Drama
10340,Drama
26155,
29883,Drama
47316,
1133,Documentary
34308,Crime
3479,Drama Romance
22424,
5163,Drama
10757,Comedy
10378,Crime Mystery Thriller
38244,
28312,Action
34908,Drama
32456,Action
38320,Drama
12430,Drama
288,
11595,Drama
37177,Drama
25433,Comedy Drama Romance
9340,Drama
17239,Children Comedy
46941,Fantasy Horror
8084,Drama Thriller
49518,Drama
25523,
40256,Drama
48895,Horror
48265,Comedy Drama
28262,Action
5718,Drama
9599,Comedy
9390,
50992,Animation Children Comedy
29757,Drama War
16602,Drama
24929,Comedy
36691,Adventure
51482,Drama
21208,Drama
20058,Comedy Drama
29224,
25149,Comedy
29041,Drama
35823,
19031,Comedy Sci-Fi
4889,
44237,Comedy Drama
4692,Drama
19346,Drama
4767,Comedy
32789,Comedy
31061,
19519,Drama Romance
43257,
49041,
31264,
48257,Thriller
50608,Drama
9159,Comedy Drama
16266,Drama
22897,
22587,Drama Romance
29246,Action
23298,Comedy
38165,Western
34871,
393,Action Crime
20501,Action
21342,
30350,Thriller
35959,Drama
28805,
39741,
5829,
40675,Drama
41669,Drama
46653,Horror
6276,Drama
21945,Drama
23465,Comedy
19273,
33832,Comedy Documentary
33813,Action Sci-Fi
40047,Drama
26213,Drama
16013,
37113,Drama
28590,Crime
36105,Drama
14515,
37153,Sci-Fi
35438,Drama
45382,Drama
42875,Comedy Drama
46977,Drama
14489,Comedy Crime
43858,
15987,
36085,Drama Western
45405,
22434,Action
38119,Drama
34470,Drama
9740,Action Adventure Animation
16580,Drama
51146,Drama
27679,
15556,
49843,Comedy Romance
39823,
39516,Animation
41244,Drama
43875,Documentary
4044,
36549,Comedy
50570,
20478,Comedy Drama
32185,Action Comedy
35556,Comedy
691,Drama
29671,
29030,Comedy Drama
21369,Action
52106,
12443,Children
46169,Action Crime Thriller
12917,
23321,
23797,
650,Drama
3335,
31174,Drama Romance
18149,Sci-Fi
51188,Drama
25505,Drama
39664,Comedy
21805,
6070,Drama
24074,
40643,Horror
16087,Thriller
25370,
4067,Drama
41887,Drama
14636,Drama
15079,
39545,
23166,Drama
3150,Action
44190,
50794,Drama
41516,Mystery Thriller
267,
22839,
29949,Comedy
3227,Drama
40607,
10279,Documentary
25685,Drama
48653,Drama
51197,
22450,
47103,Crime Drama
38537,
16500,Drama
22340,Drama
45522,Drama
32551,
4722,Comedy
12033,Comedy Documentary
9806,Comedy
18224,Drama
52159,Horror
42349,Comedy Drama Romance
3314,Comedy
25836,Action Crime Thriller
19847,Drama
29968,
80,Drama Thriller
27590,Drama
6095,
19408,Documentary Drama
40595,Animation Children
37304,Drama
19774,Documentary
30147,Drama
47610,Drama
4869,Documentary
3861,Action
13210,Crime Mystery Thriller
5351,Drama
27079,War
2400,Action Drama
5704,Action Crime Drama
12441,
12595,Documentary
19830,Documentary
28658,Comedy
15749,
30885,
38423,Comedy Drama
17570,Crime Drama Thriller
31756,
3445,Action Crime Thriller
30410,Drama
7961,Horror
24927,
11240,Drama Thriller
46261,Horror Thriller
39307,Drama
12206,
32434,Adventure Sci-Fi
42589,Drama
27414,Drama
24233,Drama
14155,Crime Drama Mystery Thriller
7978,
16942,
41335,
8124,
39001,
29981,
11101,
23206,Documentary
256,Comedy
9154,Drama War
12937,Comedy
35283,Drama Romance
3158,
43780,
46087,Drama
37571,
37930,Documentary
20344,
115,Documentary
6974,
16043,Comedy
51941,
23601,
13945,Drama
3597,
51818,Drama
23656,Documentary
5407,Crime Drama
22431,Comedy
49725,Action
19084,Documentary
16280,
34262,
9203,Drama
33885,
24342,Comedy
19920,
43084,Drama
42301,Drama
37626,Drama Romance
9714,Comedy Drama
16232,
13753,Sci-Fi
25119,
27810,Comedy
44806,Drama
30517,Animation
4998,Comedy
34825,Drama
6320,Comedy
29014,Drama
50214,Action
13922,Comedy
37696,Comedy
35603,Drama Romance
33512,Comedy Romance
47840,
47993,Drama
31915,Action Crime
20070,Comedy Drama
5856,Comedy
45963,Action
44702,Drama War
25360,Horror
24041,Comedy
19009,
7479,Drama
37352,Thriller
10188,Action Thriller
44834,Drama
41499,Drama
40470,Drama
30271,Drama
39411,
6629,Comedy Drama
44136,Animation Children Comedy
6805,Comedy
3125,Action
16593,Action Adventure Animation
45218,Drama
3137,Drama
1167,Horror
23356,Drama
31146,Drama
9718,Adventure
52103,Drama Romance
48059,Comedy Drama
41476,Comedy
29336,
21475,Drama
3865,Drama
45560,Drama
15343,
14511,Comedy Drama Romance
18161,
46250,Documentary
33776,
41605,Comedy
13659,
42156,Drama Romance
25601,Comedy
3630,Action Drama
46358,Documentary
44091,Comedy
17441,
39497,
8132,Action Adventure
24326,Comedy
32059,Drama
46518,Drama
38562,
31170,Drama
6947,Drama
12195,
2312,Drama
1368,Drama
4903,Drama
45897,Drama
25701,
45532,
5825,Action
28954,Action
41209,Drama
47360,Drama
1081,Drama
34785,Horror
7076,Drama
5297,Western
33468,Action
30329,
48891,Horror Thriller
48671,Drama
15264,Drama
37192,
27405,
7386,Drama
9874,Horror
36618,Comedy
950,Drama
2326,Documentary
3088,Drama
49695,Drama
7225,Comedy
106,
50717,Drama
43461,Drama
19253,Horror Thriller
35141,Drama Romance
51523,
18580,Comedy
46149,Drama
1525,
21308,Western
23973,
11574,Comedy
12284,
5281,Drama
37794,Drama
8699,Drama
13200,Horror
11638,Drama
4047,Drama
2915,Drama
6847,
11797,Comedy
13815,
33106,Drama
50230,Drama
40002,Drama
39130,
20382,Drama
21786,
15059,Drama
9684,Drama
682,Drama Romance
26766,
46808,
31751,
5285,Action
29627,Drama
45949,Documentary
42108,Comedy
5398,Drama Romance
49206,Drama
50922,Drama
15354,
39644,Documentary
24149,Drama
32969,Drama
18368,Drama
25741,Documentary
4951,Romance
50270,Drama
36908,Drama
28325,Drama
43283,Western
6498,Comedy Drama
6976,Horror Sci-Fi
27072,
49928,
696,Comedy
20854,Drama
11864,War
24018,Drama
12347,Comedy
28546,
10132,Action
5333,
2604,Action Comedy Crime
40856,Drama
24153,Drama Romance
2570,
50437,Drama
40375,Comedy
43405,
33712,Drama
47833,Comedy
3788,Horror Thriller
8637,Comedy
8516,Drama
8875,Comedy Drama
40623,
32598,Comedy Drama Romance
26982,War
198,
47599,
39463,Horror
36252,Documentary
8070,
28955,Drama
40400,Western
1201,
51236,Documentary
50680,Drama
16947,Comedy
48660,
25756,Comedy Crime
25247,
23278,Drama
46428,
5066,Comedy Drama Romance
17934,
6491,
40018,Horror
23672,Comedy
7404,Drama
21724,Drama
32667,Drama Romance
35768,Comedy
28933,Documentary
8230,Drama
46265,
121,Documentary
7731,Drama
25799,Comedy Drama
10126,Action Comedy
46819,Drama
45885,Drama
31250,
38704,
32,Drama
8332,Action Drama
11902,Horror
44734,Comedy
17418,Drama
41016,Drama
5671,Comedy
23636,Comedy Drama
14237,Drama
35145,Drama
7355,Drama
47809,Drama
38082,Drama
17464,Drama
49922,Sci-Fi
47451,Mystery Thriller
49704,Comedy
9391,Comedy Romance
34336,Drama
8556,Horror
22220,Drama
22079,Drama
21606,Documentary
50058,
49921,Drama
34037,Drama
25289,Drama War
27858,Drama
42701,Sci-Fi
22429,Crime
39057,
5738,Romance
10400,Drama
16840,Drama
37625,Drama
45196,
21509,Drama
51597,Drama
21000,Crime Drama
38023,Crime Drama
9948,Comedy
5513,Drama
32873,Comedy Drama
14412,
35966,Drama
10403,
39125,Drama
22795,Documentary
39814,Documentary
43036,Documentary
36500,
8743,Drama
37482,Documentary
43041,Comedy Drama Romance
8538,
4855,Sci-Fi
2224,
37102,Drama Romance
46381,Action Thriller
48086,Drama
35439,Drama War
17144,Western
20086,Drama
15194,Documentary
26959,
20561,
7971,Drama
27899,Drama
17106,Drama
48351,Drama
10192,Drama
45789,
36823,Drama
26134,Children Fantasy
44647,Drama
47329,Drama
2588,Drama
3567,Comedy Drama
45909,
15373,Drama
101,Crime Thriller
5130,
14859,
6584,Comedy
34606,Action Crime
4301,Action
48490,Documentary
10205,Drama
31406,
34975,
7556,Comedy Drama
11315,
14214,Action
46180,Drama Romance
5521,Drama Romance
43182,Horror Thriller
47251,Drama
83,Comedy Drama
42750,Drama
32055,Comedy
42023,Drama
6085,Drama
9697,Drama Romance
49470,Drama
48278,Adventure
27477,Crime Drama Thriller
48423,Drama
14528,Thriller
11408,Action Crime
16333,Drama
14779,
10778,Drama
21173,Drama
43268,Drama
38000,Comedy
4808,Comedy Horror
27795,Drama
3675,Documentary
48786,Action Thriller
30860,Drama
46940,Western
19758,Comedy
4359,Crime
8624,Drama Romance
51700,Drama
42490,Drama
17350,Horror Sci-Fi
29333,
47843,Crime
50195,
15611,
15560,Comedy
23338,Drama
39954,Drama Romance
8936,Drama
556,
41068,Drama
37377,Comedy
19620,Crime Thriller
32887,Drama
5775,Animation Children Comedy
50005,Horror
14082,
18750,Drama
39159,Documentary
5487,
43161,
11164,Western
46492,Comedy
35825,Comedy
29017,Drama
7597,Thriller
38509,
22991,
1298,
32793,Comedy
15355,
31583,Drama
7093,Drama
50584,Drama Thriller
18353,Drama
23842,Comedy
21930,Drama Romance
42729,Drama
23766,Drama Romance
29036,Drama
2557,Comedy
1930,Drama
41616,
13132,Drama
33837,Crime Drama
38662,Drama
26876,Drama
33571,Comedy
4556,
16032,
43556,
8629,Action Crime Drama Thriller
22814,Documentary
41291,Drama
9220,
40048,Drama
13965,
39419,
42719,Comedy Drama
13585,Drama
25215,Documentary
46929,Drama
46290,Comedy
37163,Drama
21752,
40359,
23400,Comedy
766,
13395,
34248,
50956,Comedy
8300,
44553,Drama
29747,
47120,Drama
52115,Horror
6422,Comedy
4167,Drama
14175,Comedy
46937,
22851,Western
39416,Drama
38988,Drama
51521,Drama
5344,Comedy
5706,Drama
44874,Action Drama
45672,Documentary
41769,
20552,Comedy Drama
45280,Comedy
26889,Western
39502,Drama
576,Adventure Children
49523,Action Crime
7762,Action Drama
31109,Drama
16828,Drama
51023,Comedy
36197,Drama
15189,
26523,Drama Thriller
38021,Thriller
18405,Drama
43200,Comedy
17889,
10338,
16409,Drama
38500,
21251,Comedy
5975,Comedy
22566,Documentary
13307,Drama
9637,Drama
21349,Horror
20962,Drama
47938,Drama
31089,
29995,Comedy
49089,
19778,Drama
13609,Horror
33781,
27823,Drama Romance
29620,Comedy
11520,Horror
22344,Drama
28630,Drama
38121,Sci-Fi
4884,Drama
25316,
36517,Drama
10066,Comedy
27522,Comedy Drama
48915,Drama
5264,
29270,Drama
27494,Animation
35033,
22603,Drama
20367,
10367,Drama
51513,Drama
18309,
35814,Drama
25172,Drama Thriller
43310,Action
39191,
50969,Comedy
18204,Drama
39950,Horror
49681,Comedy
12471,
17651,Drama
18907,Documentary
13897,
50121,
39937,
47529,Comedy
13893,Drama
47811,Action Crime Drama Thriller
3855,Drama
50581,Drama
11926,
21211,Drama
3144,Drama
8109,Drama
41595,Drama
2856,
42032,Comedy
38545,Drama
1711,
30352,Drama
37333,Drama
10258,Drama
30781,Horror Mystery Thriller
33109,Sci-Fi
41542,Comedy Drama
18148,Comedy Drama
48150,Crime Mystery Thriller
9192,
30358,
47121,Action Thriller
34938,Crime Drama Thriller
5245,
31431,Comedy
16137,Comedy
40827,
3232,Comedy
28884,Drama
9311,
9149,Comedy Drama
32138,
16686,Drama
25533,Comedy
46716,Sci-Fi
15584,
10112,Drama
34055,Drama
43307,Comedy
19894,Drama
20817,Comedy Drama Romance
52135,Documentary
5438,Comedy
36043,Drama
16193,
24802,Drama
4543,Thriller
11640,Documentary
9264,
19997,
41828,
28072,Comedy
28708,
51709,Drama
45853,Documentary
49430,Crime Thriller
49998,Comedy Drama
17338,Drama
25488,Drama
6594,Documentary
17086,Comedy
23088,
31537,Animation
51132,Drama
48479,Drama
234,Comedy Drama
51748,Horror Thriller
44174,Action Adventure Sci-Fi
17976,Drama Romance
19563,Comedy Drama
27375,Drama Romance
20703,
47496,Drama
50510,
27799,Action Crime Drama Thriller
3365,Action
5315,
38180,
44968,Documentary
26992,Documentary
13507,Horror
2414,Drama
40241,Drama
4825,Drama
45832,Comedy Drama
27129,Drama
12749,
1562,
32530,
47160,Comedy
39429,Comedy
50441,
16851,Comedy
39475,Drama
41298,Documentary
32570,Comedy
9292,Comedy
49957,Drama
42014,Drama
40289,Comedy
14647,Comedy Drama
6691,Comedy
50521,Drama
15361,Crime
25564,
24888,Sci-Fi
33018,Crime Drama Thriller
37139,Drama
840,Drama
16520,Action Adventure
3718,Drama
51896,Animation
32875,Comedy
47105,Comedy
38769,Drama
51413,Drama
40012,
29042,
7081,Comedy
34885,
27074,Horror
369,
28545,Documentary
43849,
32539,
14432,Drama
32479,Horror
6468,Drama
25168,Crime Thriller
42788,Documentary
34453,Drama
30459,Thriller
31001,Drama War
35753,Horror
7475,Drama
45228,Drama
3411,Drama Romance
4221,
678,
25792,Drama
9461,Comedy Drama
10315,Documentary
51258,Comedy Drama
13587,Sci-Fi
9448,Drama
50027,Drama
48802,Adventure Fantasy Sci-Fi
12890,Documentary
33777,Drama
16330,Sci-Fi
30488,
11366,Drama
43342,Comedy
20194,Comedy
18694,Drama
31098,Drama Fantasy
3916,Comedy Drama
40196,Drama
1556,Drama
46728,Drama Romance
44598,Comedy
49614,Drama
24698,Drama
6810,
26997,Comedy Romance
2933,Documentary
18108,Drama
37157,Drama
19027,
4009,Comedy
40391,Drama
19102,
31558,
37137,
40944,Drama
36581,Drama
1800,Documentary
8944,Drama
7705,
3506,Drama
48746,Drama
18913,Drama
51316,Comedy
49937,Comedy Drama
51744,Documentary
14884,Drama
16925,Action Sci-Fi
16566,Drama
44470,Comedy
40176,Comedy
24761,Drama
37263,
126,Comedy
32444,Comedy Drama Romance
3388,Drama
47986,Comedy
43880,Documentary
21618,Romance
29900,Drama
12650,Drama
22550,Drama
9171,Drama
14250,Drama
39469,Drama
44189,Children Fantasy
9406,
27669,Drama
9968,Drama
44072,Drama
43571,Comedy
5994,Drama
19642,
26381,Documentary
44717,Drama
5373,
769,Comedy
33159,
27393,Action Thriller
9710,
22971,Drama
18329,Action
20218,
23728,
8558,Comedy Drama
325,Drama
46063,Drama
19362,Drama
845,Documentary
38080,Action Crime Drama
14289,Comedy
38751,
47352,Horror Thriller
30691,Drama
28078,Drama
2511,Drama
12127,Drama
44356,Horror
40976,Drama
1270,Action Adventure
221,Drama Horror Thriller
21726,
34216,
13425,Drama
36784,
46133,Action Sci-Fi
3101,
2909,Crime
26660,Comedy
4890,Horror
19506,Comedy Drama
38016,
29319,Action Drama
46714,Drama Thriller
35533,
45966,
9781,Horror
17344,Documentary
45219,Drama
8315,Documentary
39875,Comedy Drama
49046,Drama
28438,Drama Romance
47629,Drama
21381,Horror
35602,Comedy Drama
6894,
19831,Documentary
46570,Drama Horror
15363,Drama Thriller
20762,Thriller
21365,Horror
43803,Comedy
22040,Horror
48862,Drama
7664,
29412,Documentary
5866,
12640,
24229,Drama
37040,Drama
30768,
39356,Thriller
5577,Drama
2695,Drama
8952,Documentary
29539,
16381,
41794,Drama
39099,Drama Horror
44392,Drama
31594,Drama Romance
51260,Adventure Children Fantasy
13895,Drama
17468,Documentary
35366,
3208,Comedy
15775,Documentary
9931,Drama
45171,Drama
36661,
45750,
3212,Thriller
18920,Comedy
21079,Drama
42097,Drama Mystery Thriller
33789,Drama
26746,Drama Thriller
45883,Drama Romance
29674,Comedy Drama
37313,
12572,Drama
28209,Drama
48181,
6398,
45408,
1137,
49473,Drama
21038,
23348,Drama Romance
36926,Drama
33680,Comedy
17825,Drama
38608,Comedy
41786,Drama
4875,
11426,Sci-Fi
10304,
44691,
42742,
34716,Comedy
12773,Mystery
26729,Sci-Fi
18678,
52026,
14011,
35321,
28167,
4360,Documentary
39629,Drama
19268,Thriller
40043,Drama
11039,Drama
11646,Adventure
2497,Horror
28617,Action
46044,Documentary
36629,Drama
22640,Drama
17255,
36501,Drama
21639,Action Thriller
36895,
34942,Drama
27471,Drama
29152,Drama
10054,Comedy
49172,Action
19549,Comedy
35311,Documentary
34939,Drama
9327,Drama
38489,Drama
31244,Sci-Fi
39273,Drama
28480,Drama
4187,
45231,Drama
20327,
26847,Action
15425,Action Horror
35738,
40260,Comedy
15898,
13579,
21390,Drama
28372,Drama
22380,
45265,Documentary Drama
20365,Action
24672,Horror
29827,Drama
46394,
5970,Drama
30108,
42020,
5871,Comedy Drama
6456,Drama
49583,Comedy Drama
37866,Drama
26921,Drama
31033,Comedy Drama Romance
28843,Adventure Children Comedy Fantasy
22750,Crime Drama
35392,
13176,
16113,Comedy
10168,Drama
27270,
32044,Thriller
15237,Comedy
43767,
5919,
29232,Comedy
39482,Action Drama
6245,Drama
3226,Drama
39636,
50880,Drama
32473,Adventure
38299,Drama Romance
24526,
8433,Drama
13175,Drama
40547,Documentary
12812,Drama
46769,
46209,Comedy Drama
6083,
23511,Comedy Horror
17782,Children Comedy
37060,Comedy
38412,Drama
24086,
38663,Documentary
24405,Comedy
31925,Drama Romance
22273,Drama
24033,Action Crime Drama Thriller
35280,Comedy Romance
28857,
35504,Comedy
19671,
17057,Drama
14569,Comedy Drama
4840,Drama
49907,Comedy
29578,Drama
44704,Comedy
19314,Drama Romance
4956,Drama Romance
13533,
2202,
35104,Comedy
45728,Comedy
22099,Drama
47201,Drama
9229,Comedy
16271,Comedy Drama
12740,Drama
50433,Drama
41268,
46499,Documentary Drama War
23625,Crime Drama Thriller
7794,Drama
29377,Drama
15989,Drama
46288,
20605,Comedy
20012,Thriller
49951,Sci-Fi
34069,Documentary
35018,Drama
47869,Adventure Animation Sci-Fi
5832,Comedy
8938,Comedy
28675,Comedy Drama
31000,Drama
24014,Drama
25770,
10784,Animation Comedy
5701,Drama War
37758,Comedy
50120,Drama
1801,Adventure
14284,Drama
1289,Action
28081,Documentary Drama
7959,Drama
49929,Documentary
25391,
17555,Action
33268,Comedy
34122,Drama Romance
21247,Documentary
49009,Comedy Drama
44876,Comedy Drama
48720,Drama
38659,Mystery Thriller
38742,
3796,Drama
10446,
44707,Drama
7657,Drama
10215,Comedy
44881,Drama
9122,Documentary
33039,Sci-Fi
12174,Comedy
50543,Drama War
10807,Drama
33736,
48335,
45037,
47169,Documentary
37906,
48519,Drama
24003,Drama
50137,Drama
33228,
1055,
47256,Drama
1211,Drama
26208,Drama Horror Mystery Thriller
17789,Comedy
45978,Comedy Drama
1645,Comedy Drama Romance
45624,Drama
14005,Drama
36515,Comedy
45070,
18085,Drama
50384,
29898,Comedy
24626,
20308,
44087,Horror Thriller
28115,
49048,Drama Horror
39663,Documentary
19520,Comedy Drama
15195,
5560,Drama
20084,Western
12256,Comedy
46101,
14992,Comedy Drama
26004,Documentary
10715,Horror
42803,
8453,Western
15793,
12135,
43299,Comedy
9690,
43223,Horror
25790,Drama
23146,Action
18721,Drama Romance
41713,Comedy
42572,Sci-Fi
49305,Drama
6902,Comedy
6399,Documentary
9233,Comedy
15028,
15623,Horror Thriller
49796,
11151,Drama
22463,Action Drama
16078,Drama
28870,Drama
45267,Animation
47393,Drama
17663,Drama
34218,Drama
18434,
47929,Horror Thriller
47744,Crime Drama
49918,Comedy
842,Comedy Horror
19630,
3694,Action Adventure
19571,Comedy
27150,Comedy
21525,Comedy
12080,Drama
4880,
3092,Comedy
20335,Comedy
38388,Comedy Drama Romance
18183,
33709,
37584,
11887,Drama Horror Thriller
23197,Comedy
24090,Drama
4328,Drama
49232,
38713,Drama
49334,Comedy Drama
40459,Western
33350,Drama
24137,Drama
37151,
46216,Action
41564,
36207,Drama Romance
2265,Comedy
34199,
17848,Horror Thriller
46708,Drama
5444,Drama
11253,Drama
51988,Drama
14229,
23737,Drama
41254,Drama
16609,Documentary
20487,Drama
4199,Drama
16282,Drama War
27085,Action Crime Thriller
2811,Drama
48871,
15800,Comedy Romance
20453,Drama
27918,Comedy Drama
22248,
29066,Drama
44771,
38450,
14429,Comedy
29284,Action Crime
37561,Action
27035,Action
15710,
31597,
28362,Drama
35693,Drama
521,Drama
10406,
16416,
12510,
39585,Drama
8427,Action
2834,Drama
51489,Drama
2021,Drama
20095,
21370,Drama
8352,Western
13172,Action Comedy Crime
15031,Drama
14479,Drama
6556,Drama
26628,
50638,Horror
19615,Documentary
41819,
37063,Comedy
37880,Drama
1818,
15465,
21186,Action
50854,Drama
7992,
11507,Comedy Horror
15690,Action
10038,Comedy
37057,Documentary
25773,Action
51666,Drama
33692,Drama
49235,Drama
44850,
25900,Thriller
2134,Drama
34303,Documentary
37984,Documentary
5442,Thriller
24682,Action
43790,Drama
26555,Documentary
36344,Animation Children Comedy
38005,Drama
15121,Drama
17818,Comedy Drama
33258,Drama Mystery
19559,
18073,Drama Thriller
23136,Thriller
1462,Comedy Drama
15850,
22552,
5277,Drama
22984,Drama
35322,Action Comedy Horror
42988,Drama Romance
41695,
13436,Drama
51239,Action
3608,Documentary
6152,
36671,Drama
28230,Documentary
46757,Comedy
27779,Comedy Drama
38212,Comedy Drama
37023,
25373,
43117,Drama
35969,Drama
5325,Comedy
33975,Comedy
21946,Drama
4930,Action Crime Thriller
41508,
8823,Documentary Drama
8694,Comedy
7165,Drama
10983,Drama
23985,Drama
20885,Horror
10370,Drama
36392,Documentary
48945,Drama War
21669,Drama
4771,Drama
23214,
44409,Comedy
410,Adventure Drama
3079,Drama Romance
18296,Drama
19747,Comedy Drama
6963,Drama
46208,
21779,Drama
8514,Crime Drama
27305,Action Adventure Comedy
15375,
32448,Comedy Drama
24214,
46829,
4609,Crime
24522,Drama
45074,
7034,Drama
7712,Comedy
48642,Drama
864,Comedy
31430,Comedy
10305,Comedy
33442,Horror
34561,Drama
6081,Comedy
39105,Comedy Crime
51931,
14315,Drama
45839,Drama
27579,
3588,Documentary Drama
45904,Drama
39848,Drama
33394,Drama
9641,
2251,Drama
5028,Drama
4992,Drama War
39840,Adventure Drama
16507,Crime
24924,Drama
3121,Drama Romance
18484,
38360,Action
21233,Drama
46002,
6089,Comedy Drama
12084,
26185,
12920,Drama
38599,
49227,Drama
19508,Drama
17093,Comedy
46838,Drama
23980,Drama War
12825,Comedy
45245,Drama
2791,Comedy Fantasy
32558,Sci-Fi
46626,Drama
4631,Drama Romance
33800,
28744,
40632,Action
258,
51829,Comedy
9845,Drama
24664,Comedy Romance
8371,Drama
1891,Documentary
57,Drama Romance
46415,Comedy
29966,Horror Thriller
30758,
20550,
5881,
2985,
297,
8645,Comedy Drama
30664,Horror
22889,Drama Thriller
31386,Comedy Romance
35046,
7378,Drama
36586,
3778,Horror
21988,Drama
32718,Horror
7263,
24856,Comedy
35638,Comedy
26309,Comedy
23102,Fantasy
47925,Drama
47902,Children Comedy Fantasy
46197,
16728,
38250,
32866,Drama
42051,Drama
40296,
4269,
5045,Action Drama
27540,Drama
32934,Thriller
7169,Drama
19542,Drama
40054,Drama
50220,Comedy Drama
7772,Drama
34228,Horror
31489,
45863,Comedy
31437,Drama
45526,Drama
49958,Action
13053,Documentary
26212,Drama Thriller
26495,Comedy Drama
49295,
47508,Drama
42247,
20502,Comedy
11764,Sci-Fi
18337,Drama
1313,
1600,Comedy
26344,
13672,
38664,Drama
28803,Documentary Drama
6757,Comedy
21594,Drama
30175,Drama
6200,Horror
35696,Drama
37334,Documentary
13260,
3769,
23607,Thriller
40128,Drama
44023,Drama
10537,Comedy
50784,Fantasy
2901,Horror Thriller
39828,
47278,Drama
41264,Documentary Drama
9724,Sci-Fi
51030,Animation Comedy
2683,Drama
34923,Drama
24575,Drama
22022,Adventure Children
25621,
11999,Documentary Drama
50590,Drama Horror
47536,Horror
9303,Drama
2398,Documentary
22181,Drama
29906,
23598,Drama
43353,Documentary
24424,Drama Romance
3875,
29380,
44038,Drama
10177,Drama
37632,Drama
22747,Adventure
8672,Drama
46164,Comedy Drama
7603,Drama
6310,Drama
9034,Action Drama
52130,
39689,Drama
22309,Horror
22528,
40806,Drama
8840,Comedy
13463,Drama Romance
20988,
45194,
51693,
22714,Documentary
19365,
15032,Horror Thriller
1552,
16503,Action
20389,Drama
26977,Drama Thriller
2774,
42738,Drama
1001,Drama
932,
40083,Drama
24593,Crime Drama Mystery Romance
10602,Drama
1672,
22382,Drama
677,Comedy
43513,Drama
48151,Comedy Drama
6132,Drama
17749,Action
40898,
29760,
50427,Documentary
178,Comedy
38748,Action
16839,
46986,
20723,Action
47515,Drama
10247,Drama
31557,Drama
8627,Action Drama
15006,
18120,Drama Thriller
7352,Drama Romance
1348,Sci-Fi
38162,
41918,Comedy
7902,Sci-Fi
42516,Drama
27125,Sci-Fi
50267,Comedy Drama Romance
33755,
22716,
20932,Sci-Fi
28415,
51408,Drama
5363,Drama
35754,Drama
7905,Drama
9590,Crime Thriller
8034,Drama
27843,Drama
1408,
37383,Drama
3836,
46340,Drama
18081,Drama
41374,Comedy Drama Romance
11343,Drama
24455,
18356,Comedy Drama Romance
23525,
30470,Horror
10566,
11991,
11075,
40139,Drama
37671,Horror
46006,Comedy Horror
50802,Drama
354,Drama Romance
7836,
17865,
37724,
30178,
45889,Adventure Drama
24512,Drama
4029,Drama
37787,Drama
30746,Drama
38946,
31086,Drama
46221,
81,
17178,Drama
35462,Action Adventure
41053,Drama
30234,Drama
13873,Fantasy
2147,Drama
21922,Documentary
49984,
5840,Drama War
48579,
29058,Drama
11497,
37813,Drama
5273,Comedy
31619,Horror Sci-Fi
18437,Comedy
23168,Drama
41859,Comedy Drama
46885,Comedy Drama
51312,Documentary
37518,
11964,Comedy
47592,Comedy Drama
46377,
31999,
52037,Drama
11139,
31221,Drama
10509,Romance
17591,Fantasy
15171,Drama
959,
30294,Documentary
50870,Drama
24508,
9865,
37928,Horror
33266,Drama
5645,Drama
50136,Drama Romance
2848,Drama
37606,
26159,
23995,Drama
10071,
16739,
23050,Action Adventure Sci-Fi
51199,Drama
20727,
45322,Comedy
44732,
49990,Drama
12518,
38183,Drama Romance
41163,Crime
36983,
13907,Drama
45257,Action
46124,Drama Romance
43596,
46527,Drama
47633,
25052,Documentary
51225,
7320,Drama
37710,Drama
9560,
34529,
6545,Drama
14196,Comedy Drama
47081,Sci-Fi
28053,Drama
50853,Drama
4904,Drama
44273,Drama
17380,Documentary
29756,Drama War
47620,
13912,Documentary
28967,Drama
16292,Drama
44241,Comedy
47483,Drama
40565,Horror Sci-Fi
49640,
39733,
20568,
17715,Drama
28977,Drama
38281,Comedy
34527,Comedy
22015,Thriller
13125,Horror
23385,
41757,Drama
13974,
7178,Comedy Drama
34253,
15880,
39749,Drama
33014,
41989,
34286,Drama
9856,Drama
30443,
31810,Drama
18814,
50530,
37575,Comedy
6667,Drama
49527,Horror Sci-Fi
2372,Drama
28533,Drama
9357,Drama Thriller
32689,
48327,
35515,Horror
33345,Drama
25916,Action Crime Drama
28782,Drama
13682,Drama
29098,Adventure
18096,Drama
38971,Drama
4458,Drama
37874,Comedy Crime Drama
48469,Comedy Documentary
43485,Comedy Drama
35995,
27376,Crime Thriller
7305,Sci-Fi
24414,
10199,Comedy
10589,Drama
39883,Documentary
3050,Drama Romance
18477,Documentary
7828,Comedy Drama
44948,Drama
46292,Drama
37912,Action Thriller
8005,Drama
28558,Drama
2990,Documentary
22697,Comedy
9812,Drama
48467,Drama
49607,
36294,Documentary
36074,
27571,Drama
49034,Drama Romance
19327,Drama
23673,Comedy
19115,Comedy
4608,Drama
14924,Drama
43397,Drama
4523,Drama
25286,Drama
4077,Action
42557,Horror Thriller
38139,
12187,Comedy Drama Romance
46877,Drama
51421,Drama
9335,Action Sci-Fi
47299,Horror
4122,Comedy
45441,Drama
29107,
51318,
27724,Drama Western
44742,Drama
4924,Thriller
1161,Drama Thriller
32634,Drama
5156,
4482,
45389,Comedy
32613,
26948,Comedy Drama
15164,Drama
43159,
19071,Drama
43886,Drama
46970,Drama
13669,Drama
26742,Horror Thriller
36923,Action Adventure Fantasy
24417,
9160,Comedy
35684,
2463,Drama
49261,
1538,Comedy
42370,Drama
31164,Comedy Drama
33265,Drama Thriller
9011,
18089,Drama
37937,Drama
11275,
32696,Horror
40355,Comedy Drama
31048,Action
20195,War
40685,Drama
46304,Crime
17198,Drama
21730,Drama Thriller
20065,Drama Thriller
4586,Drama
44113,Drama
27680,
39255,Drama
26169,Drama Romance
33455,Drama War
33278,
32734,
22477,Children Drama
4062,Fantasy
39354,Drama
6669,Documentary
28207,
1140,
19605,Documentary
41233,
28567,Drama Mystery
4917,Comedy
45084,Drama
27853,Comedy
21291,Documentary
14776,
8851,Adventure
46313,Drama
46992,Drama
1706,
30267,Drama
28685,Mystery
24425,Comedy Horror
10289,Drama
45890,Comedy
9145,Animation
1694,Documentary
8043,
10528,
43872,Crime
35349,
42749,Sci-Fi
9,
37654,Drama Romance
4923,
42740,Comedy
13865,Drama
17734,
28717,
35642,Horror
10077,Comedy
34621,Drama
35485,
16571,Horror
4809,Drama
28215,Comedy
31207,Documentary
25180,
13275,Drama
49667,Sci-Fi
51374,Drama
3084,
40232,
13203,Drama
42242,
45187,Drama
41331,
51110,Documentary Drama
28673,Drama
25263,Drama
3761,Drama
3021,
23858,Crime
10813,Drama Romance
51944,Drama
18576,
4564,
12539,War
28772,Drama Thriller
18599,
34036,Drama
48273,Drama
45942,Comedy
20827,Drama
28004,
40850,Comedy
31881,Comedy
36004,
1878,Comedy
46797,
34372,Comedy Drama Romance
45740,Comedy
47985,
31731,Drama
12199,Drama
13363,Drama
43870,
17756,
31599,
22719,Documentary
14334,Comedy Drama
8869,Drama
36703,Comedy Drama Romance
41837,Drama
10043,
14618,
13517,
17226,Drama
14203,Drama
31947,Comedy
51061,Drama
642,Comedy
13623,Drama
26229,Comedy
33558,Drama
31889,Comedy
32859,Documentary
12648,Drama War
43970,Drama
15585,Drama Thriller
7072,Drama
4045,Drama
42235,Comedy
8212,Drama
27402,Documentary
18339,
24336,Comedy
32939,Drama Romance
3912,
38374,Drama
36256,Action Drama
33501,Drama
33494,
23706,Drama
6941,
29195,Sci-Fi
43218,Drama
5491,Comedy
7075,Drama Romance
28897,Crime Thriller
8751,Comedy
40112,Drama Romance
28134,Action Western
4095,Comedy
48853,
27037,Drama
2714,Action
7111,
3126,Drama
27835,Crime Drama Western
13235,Action
12902,
2804,Thriller
50963,Romance
51020,Drama
49070,Drama
25259,Documentary Drama
37898,Drama
24913,
49320,Drama
42291,Drama
2097,Drama
22010,Comedy
6237,
43023,Drama
22997,Comedy
21523,
5145,Comedy
30355,Horror
8784,Comedy
32603,Drama
2536,Drama
44225,
13304,Comedy
26737,
22666,
19379,Drama
25321,
27272,Drama
11672,Drama
12826,
2613,Drama
50124,
42056,
40496,Horror Thriller
21127,Drama
51541,
49234,Drama
49424,Comedy Horror
5091,Comedy
18428,
15655,Comedy
16611,
18287,Drama
12887,
45555,
48692,Drama
18378,Drama
14711,Drama
51721,Drama
11174,Comedy
9916,
50536,Comedy
24812,Horror Thriller
47438,Western
27623,Comedy Romance
14922,Drama
24244,Crime Drama
22446,Drama
47892,Drama
15414,Drama
18398,Drama
37119,Comedy
5715,Drama
41539,Drama
18327,
11188,Drama
31796,Action Crime Thriller
17705,Drama
5385,Comedy
20522,Drama
24814,Drama
50894,
9949,Drama
40239,Drama
40925,
30411,Thriller
36772,Drama
37819,Drama
8274,Comedy Drama Romance
50055,
48525,Children Fantasy
49580,Comedy Romance
34509,
495,Drama
12990,
4116,Comedy
27804,Comedy
46881,Comedy Drama
31723,Comedy Drama
36578,Children Comedy Fantasy
37347,Crime Mystery Thriller
5841,Drama
44824,Drama
31137,
6480,
52089,
51224,Comedy
50512,Drama
35331,
22204,
29091,
30801,
14527,Drama
49419,Drama
39220,
29503,Drama
25163,
40674,Drama
38976,Drama
30922,
35336,Drama
28939,Action
25852,Comedy Drama Romance
32804,Drama
17881,Horror
24192,Documentary
42221,Comedy
12829,Drama
24658,Thriller
35384,Comedy
30968,Drama
2077,
31373,Drama
33858,Documentary
35553,Action Thriller
3844,Drama
29714,Drama
34288,Comedy
29364,
31525,Drama
13047,Drama
23103,Action
4529,Documentary
31335,Drama
33872,
47306,Comedy
22093,Drama
27608,Drama
6990,Mystery Thriller
35097,Documentary
2749,Documentary
14768,
50737,
18241,
51109,Drama War
9973,Sci-Fi
35560,Horror Thriller
8026,Comedy Drama
3284,Western
26578,Drama
46879,Drama
36606,
39180,Adventure Animation Children Comedy
9722,Comedy
46962,
25772,Sci-Fi
3206,
50704,Drama
29012,Sci-Fi
8976,Documentary
45500,
50553,Drama
13543,Comedy
137,Drama
48103,
3872,Comedy
18472,Drama
52164,
32737,Drama
15135,Drama
20864,Drama
46535,Drama
9529,Action Crime Drama
30532,Comedy Drama Romance
5859,Drama
23762,Mystery
42492,Drama
29278,Drama
17564,
34553,
11882,Comedy
40864,Comedy Drama Romance
29972,Comedy
41177,Comedy
40282,Drama
13177,
15832,Action Thriller
28917,Thriller
25987,Drama
13696,Crime
51135,Comedy
25376,Action Sci-Fi Thriller
48041,
24970,
35893,Horror Sci-Fi Thriller
19225,Comedy Drama
50933,Comedy
17075,Crime Drama
4352,
24714,Drama
415,Drama
41301,Crime
40904,Drama War
50073,Drama Romance
28818,Horror
22957,
22992,Horror Thriller
43215,
50330,Children
50156,Comedy Drama
24418,Sci-Fi
16793,Drama
21857,
50968,Fantasy
11705,Drama
9394,
22430,
36395,Comedy
45157,Drama
3016,
34712,Drama
2123,Drama
37660,Drama
28465,
19311,Drama
27128,Drama
37086,Drama
43754,Drama
10723,Crime Drama
28570,
2842,Adventure
1971,
51813,Comedy Drama
30935,Action Crime
20590,Drama
15330,
962,Drama
17189,Drama
16713,Comedy
4604,Drama
715,Crime Drama Thriller
40635,
50658,
22135,Western
24017,Drama
27942,
35720,Thriller
36092,Drama
30854,
50591,Crime
12344,Action Crime
11319,Horror Thriller
4245,Comedy
5360,Drama War
24333,Comedy
13144,Drama
33388,
35736,Drama
12878,
48032,Comedy
30020,Horror Sci-Fi
6948,Drama
25862,Adventure Animation Children Fantasy
19179,Comedy Drama
42710,
26691,
9761,
33281,Drama
35792,Comedy Horror
28926,Drama
47575,Drama
48924,
27143,Action
23186,
42904,Drama
47973,Drama
39336,Mystery Thriller
9251,
52069,
32057,Drama
36368,Drama
37524,Comedy
21212,
40858,
40177,Documentary
32871,Action Adventure
18929,Drama
44466,Drama
11671,Drama
38672,Action Adventure War
21901,Drama
24224,
48237,Comedy
31115,
28980,Crime
27080,
13380,Drama
21142,
49217,
14811,Drama War
49080,Drama
13842,Drama Thriller
29103,Drama
12882,Drama Romance
40935,Mystery Thriller
42734,Children Comedy
37031,
3168,Comedy Sci-Fi
24932,Action Sci-Fi Thriller
42674,Drama
47376,Drama
2559,Drama
34403,Comedy Drama
30840,Drama
41379,
43417,
24119,Horror Thriller
8802,Drama
50363,Drama
2260,Horror
37960,Drama
15052,Thriller
28327,
21200,Drama
30787,
31748,Horror
38925,Drama
4134,Comedy
24210,
8269,Drama
43475,
13414,
3992,
51250,Comedy
42248,Sci-Fi
41490,Action
3039,
49103,Drama Romance
25522,Drama
30219,Drama
47995,
45203,Documentary
38131,Drama
4710,Action Drama Romance
20023,Comedy
44937,
44389,Drama
23026,
9397,
43069,
23919,Drama
45497,Horror
49656,
25085,
14409,Drama
8596,Drama
35183,
13326,Drama
40848,Horror
31822,Drama
13891,Adventure
3303,Drama
14064,
26865,Action Sci-Fi
50723,Horror
44068,
5766,
27549,Drama
37840,
18683,Comedy
37305,Drama
42038,
17094,
1899,Comedy Drama
28345,Drama
12202,Comedy
47550,Drama
32925,Comedy Romance
86,Drama Romance
15565,Comedy Drama
2594,Drama Romance
24469,Comedy Romance
1043,Sci-Fi
2118,
1474,Comedy
6006,
24528,Documentary
48126,
45928,Drama
23548,
37882,Drama Romance
39286,Comedy Drama
3327,Action
33808,
4185,Comedy
31678,
26329,Drama
26749,Mystery
10609,
4886,
21952,Drama
17904,Drama Thriller
51770,Drama
10703,Drama
8580,Adventure
29738,
25303,Horror Sci-Fi
20176,Documentary
38259,
26958,Drama
38970,Comedy
47821,Crime Thriller
23251,Sci-Fi
3732,
1784,Drama
30351,Drama
29131,Drama
543,Drama
40535,Action
13006,Drama Romance
30987,Comedy
44001,Drama
9135,Drama
37419,Documentary
2531,Comedy
40258,
19126,Documentary
38738,Comedy
3349,Action Adventure
49388,Comedy Drama Romance
12557,
22912,
49573,
5863,Comedy Drama
50054,Drama
10696,Comedy Drama
9799,Action Drama
30604,Horror Sci-Fi
32693,
13239,Documentary
45701,Drama
17863,Comedy
32281,Drama
34243,Drama
29067,
24020,Drama
22752,Crime Drama
16997,Action
43362,Drama
9576,Documentary
22632,Crime Thriller
44752,
41118,
9438,Drama
3437,Romance
24903,Drama
37213,Drama
42895,Drama
18826,
10221,Drama
41354,
8690,
7162,Drama War
3921,Drama
47560,Thriller
9370,Comedy
34099,Drama
16285,Drama
2047,
3044,Action
47345,Documentary
29765,Drama
10131,Documentary
33306,Horror Thriller
14139,Thriller
46766,Documentary
39565,Drama
33386,
26611,Comedy
39329,Comedy Drama
13213,Horror Thriller
30035,
17143,Comedy
37404,Drama
9822,Documentary
19480,Drama
34728,
16146,Drama
51683,Documentary
30484,Drama
14088,Documentary
30878,
35390,Drama
24209,Drama
32576,
51490,
26427,Drama
375,Documentary
15342,Comedy
37287,
6386,Drama
1976,Drama Romance
44324,Comedy Drama
23504,
33256,Documentary Drama
46558,Drama
13443,Drama
7206,Drama
51616,Comedy
14548,
9872,
30233,
45148,Drama
47235,Comedy Drama
11563,Drama
12525,Comedy Drama Romance
11051,Drama
45783,Horror
35786,
30871,Drama
23790,
29390,Drama
9405,Documentary
47611,Drama
48967,
2416,
50338,Drama
3249,Drama
4646,Comedy Romance
49131,Crime Drama
33740,
7196,Documentary
1854,Drama
43355,Drama
6670,Western
8504,Comedy
39671,Comedy Crime Drama
17922,Drama
30598,
285,
9450,Drama
7123,
12394,Comedy Drama
9164,Crime
18606,
14165,
39400,Sci-Fi
45506,Drama
51077,
15766,Comedy
4490,Drama
1620,Action Crime
8184,Comedy
40040,
29071,Drama
48100,
35514,
22336,Drama
50770,Documentary Drama
26247,Comedy
22859,Sci-Fi
38790,
9232,Drama
46357,
18855,
29956,Comedy Drama Romance
6485,
23403,Horror
41062,Documentary
42105,Comedy
45796,Drama
7200,Comedy
17339,Drama
8574,
49716,Action Adventure
50400,Comedy
20538,Action Sci-Fi
43578,
14323,Documentary
21891,
19125,Drama War
26389,Comedy
37019,Drama
16995,Sci-Fi
28542,Drama
29806,Comedy
42338,
40476,
20447,Documentary
5680,
27559,Drama
9792,Action Drama
51004,Drama
11742,Action
46534,Crime Drama
35232,Drama
16637,
33825,Horror
32210,Western
30188,Drama
25459,Western
9583,Documentary
41316,Horror Thriller
1251,Drama War
35196,Drama
51304,Drama
20131,
49152,Animation Comedy
40492,Comedy
16364,
15953,Thriller
45984,Drama
28432,Action Thriller
16055,Drama
25628,Documentary
50872,Drama
1896,Drama
26665,Drama
50986,Drama
35348,
17519,Drama
19735,
47292,Documentary
30004,Drama
23018,Drama
48726,Drama
39511,Drama
26521,Action Crime Thriller
35016,Drama Romance
31657,Drama
38577,
13811,Comedy
27627,
22433,Drama
18252,Drama
1487,
7297,Drama
12273,Drama
7363,
49475,Drama
19338,Comedy
32304,Sci-Fi
49420,
13762,Comedy
32120,
24647,Drama
45186,
16808,Comedy
49176,Drama
49783,Drama
35455,Action Animation
11690,Comedy Drama
41203,Comedy Drama
23350,Horror
21725,
28866,Drama Romance
26029,
15205,Comedy
49107,Drama
51347,Drama Romance
21496,Drama
13465,Action
9215,Comedy
52087,Documentary
31876,
15636,Comedy
46532,Action
20053,Drama
44690,
25340,Drama
27098,Drama
13853,Horror Thriller
20429,Western
46453,Drama Thriller
45775,Drama
19573,Crime Drama
6345,Drama
44887,Drama
2063,Documentary
31495,Drama
2281,Drama
39925,
4895,
40951,Drama
13321,Comedy Drama
49935,Drama War
32167,Western
38513,Western
34898,Drama
22840,Drama
3122,
24549,Drama War
8597,Comedy
13804,Documentary War
11502,Documentary
1821,Drama
31941,Drama
8915,Comedy
4828,
461,
36594,
8158,Drama
30828,Drama
42580,Drama
37403,Adventure
2102,Documentary
37895,Comedy Drama
15479,
23108,Drama Thriller
44309,Drama
8803,
42619,Horror Thriller
17973,Comedy
1129,Comedy
3899,
10711,Drama
33502,
48903,Documentary
26151,Comedy Drama
17812,Action
10485,Action Drama
50897,
47025,
45446,Drama
22171,Documentary
49087,Drama
21355,
48088,Action Thriller
6379,Drama Sci-Fi
43102,
37976,Drama
5920,Crime Thriller
19680,Drama
47578,Comedy
43574,
41899,Comedy Drama
6033,Drama
11738,Action Drama
6040,Drama
11699,
37279,Drama Thriller
45623,Drama
20534,Horror
31602,Drama Thriller
7687,Comedy
24328,
9344,
32390,Action Crime Thriller
22290,Drama
41072,Drama
29181,
37513,Crime Thriller
33879,Drama
51377,Comedy
24901,
17574,Crime
51673,
2988,Drama
13195,Drama War
26655,Drama
29211,Drama
18010,
50297,Comedy Drama
9990,
14055,Comedy
10498,
51212,Documentary
24879,Action
9124,Drama
781,Drama
24571,Comedy
39846,Action Adventure Sci-Fi
43964,Horror
45688,Comedy
37394,War
27241,
30370,Drama
14705,Drama
20184,
46990,
18184,
31399,
32532,Comedy
40719,
4687,Drama Romance
21140,Thriller
22278,Drama
41538,
33766,Adventure
26986,Horror
31306,Drama
8673,Horror
12635,Comedy
32455,
31330,Crime Mystery
7197,Crime Drama Thriller
4024,Comedy
45751,Adventure Drama
36472,Action
25223,Drama
3575,Action Drama
45697,Drama
27588,Drama
1929,Drama Thriller
4194,
51015,Drama
11249,
8254,Drama
20223,
7776,
20049,Comedy Drama
22029,Drama
6648,
14927,Mystery Thriller
2117,Drama
39858,Drama Thriller
50921,Drama War
51003,
44413,Drama
43038,Drama
36037,Adventure
52077,
45558,Western
21687,
35163,Drama
13455,Documentary
17285,Drama
40889,
40077,Drama Horror
10475,Comedy Drama
5094,Horror Thriller
48748,
26036,
11069,Drama
32307,
51755,Drama
5601,
45018,Drama
6252,
44201,Thriller
20618,Drama
33377,
19376,
1817,Drama
24161,
51012,
35819,Drama
27457,Drama
35383,
27351,
30248,Drama
44381,Drama
7074,
23667,Documentary
24996,
19430,Comedy
23702,
46623,
2523,
18895,Action Sci-Fi
31248,Crime
1571,Sci-Fi
9389,
50306,Drama Horror Thriller
42356,Drama
34215,
41652,Comedy
33003,
26606,Comedy
4846,Comedy
29864,Drama
2509,Drama
32196,Drama
6043,Drama
21622,Comedy Drama
35405,Drama
37058,Sci-Fi
14895,
14255,Action
50525,
27246,Drama
48180,Drama
37893,Drama
46099,Horror
25203,
49247,Comedy
48316,
44274,Drama
4478,Drama
45114,Drama
12383,
12601,Drama
32081,Comedy
26816,Romance
50472,Crime Drama Thriller
21598,Drama Thriller
30908,
14724,Action
35949,Drama
30905,Drama
15893,Drama Romance
48599,
50909,Drama
35678,
19657,Action Sci-Fi Thriller
20777,Comedy
14818,Drama
15298,Comedy Drama
23571,Comedy
24080,Comedy
7077,Comedy
2507,
51101,Comedy Sci-Fi
17455,Drama
36920,Action Western
1222,Drama
26670,
27042,Drama
16662,Comedy
29438,
29259,Comedy Romance
28418,Drama
10454,Horror
17446,Adventure Children Sci-Fi
28321,Drama
47554,Drama
29118,
16927,Drama
50426,Thriller
15200,Comedy Documentary Musical
13261,Drama
43515,Comedy
29425,Action
50763,Western
41545,Comedy Romance
7223,Drama
45020,Action Crime Drama
2411,Drama
12364,
36961,Drama
11081,Comedy
38522,
43450,Documentary
26002,Drama
45708,Action
24279,Action Thriller
48783,Comedy
33664,Drama
8587,
21777,Action Sci-Fi
9982,Action Drama
38083,Documentary
40673,Drama
31981,Comedy
1639,Documentary Drama
46447,
42576,Fantasy Romance
25642,Comedy
37054,Drama
13073,Drama
49675,Drama
45864,Horror
27058,
15228,Thriller
14316,
26898,
50469,
45969,
2972,Drama Romance
36355,
29672,Horror Thriller
36673,Horror
7623,Horror
3012,Drama
11745,Documentary
42219,Drama
32225,Comedy
3659,Drama
26406,Documentary
39179,Horror
14130,Drama
16887,
4650,
28360,Drama Romance
946,Drama
29434,Drama War
34816,
42318,Drama Thriller
20330,Drama
41680,
15667,Comedy
24387,Drama
7259,Drama
33418,Drama
16664,Documentary
40208,Documentary
5011,Comedy
24729,Drama
856,Action War
32608,Drama
8386,
19612,
1141,Comedy
25550,
44782,Drama
5441,Drama
38540,
12478,Drama War
26222,
23685,Drama
29306,Comedy Drama
29469,Horror
15900,
47601,Drama
22989,Drama
25268,Comedy
37936,
8695,Drama
9364,Drama
8338,Drama
4896,Drama
7810,Drama
32168,Drama
22384,Drama
19849,Drama Thriller
19461,
44053,Action Drama
18975,Drama
37082,
21499,Action Thriller
44074,Drama
45144,Comedy Drama
20884,Action Drama
30212,
26379,Comedy
5702,
48555,
16626,Drama
38944,Adventure
51746,Drama
52024,Drama
40402,Documentary
31818,Drama
29556,Drama
940,
44295,Action Adventure
15909,Action
44215,Documentary
12236,Action Sci-Fi
8140,Drama
42522,Drama
21678,Comedy
20225,Drama
27154,Thriller
12300,Fantasy Romance
21045,Drama Romance
23605,Drama
8137,Drama
43162,Action Crime
33734,Drama
3201,Comedy
51041,Drama
43167,Comedy
3558,Drama War
13115,Drama
20949,
8323,Horror
7432,Drama
40023,
26157,Comedy Drama
45379,
9499,
35269,Fantasy
38759,Drama
33080,Drama
12447,Comedy
6973,
1028,
24001,
49191,Drama
51221,Drama Romance
4794,Drama
21961,Animation
13678,
39766,Drama
24415,
25092,
28836,Adventure
26903,
23039,Drama
13528,Drama
27113,Crime Thriller
22343,
51035,Action Thriller
12030,Drama
28171,Crime
13512,
33769,
13333,Comedy
10837,Drama
3191,
14777,Drama
14683,Sci-Fi
19388,Comedy Crime
1515,
37018,Drama
31813,Horror Thriller
12941,
15035,
5295,Comedy Drama
14802,Comedy
50726,Drama Romance
51572,Drama
26079,Action
47766,Comedy Drama Romance
16543,
24458,Comedy
888,
30990,Comedy
20126,Drama
35878,
10911,Action
16697,Documentary
37286,
4069,Drama
2386,Drama
16700,Comedy
14783,Western
20615,Drama
22575,Animation
9428,Horror
14180,Western
5520,Drama
10772,Drama War
6494,Drama
19254,Drama
31936,Action Drama
45513,Action
46025,Drama
7617,
20030,Drama Romance
46228,
10306,Drama
17509,Drama
40001,
45255,Drama Romance
22363,Drama
195,Comedy
11496,Thriller
1883,Drama
9728,
2598,Drama
20549,Drama Romance
34226,Comedy Drama
23273,Drama
45585,Mystery Thriller
24383,
626,
41805,
24483,Comedy
11661,Comedy
36944,
119,Drama
18733,Drama
24801,Comedy
27088,Comedy
20616,
8993,Comedy
25708,Horror
49637,Children
38164,Comedy
10848,Drama
12141,Comedy Drama
5124,Comedy Drama
44645,Comedy Drama
49244,Horror
6704,Comedy
25507,Drama
39993,Animation
44206,Horror Sci-Fi
21976,Drama
14821,Animation
12636,Documentary
4499,
12330,Comedy
36699,Comedy
23336,Drama
29297,Comedy
38669,
7605,Comedy Drama Romance
42317,
27176,Comedy
43070,Drama
7835,Drama
30505,Drama
20654,
6359,Drama
32179,Drama
27704,Animation
46363,Comedy
16309,
28989,Drama
11619,Drama Romance
8659,Drama
30759,Documentary
12929,Horror
50851,Comedy
24870,Action Adventure Children Fantasy Sci-Fi
11950,Drama
35591,Drama
15116,
14703,
25941,Drama
17742,Drama
6146,
40086,Action
51033,Action Sci-Fi
36429,
38044,Animation
49336,Drama
18236,
10341,Drama
38800,
25454,Comedy
5484,
2195,Horror Thriller
33549,Drama
7787,Horror Thriller
28965,Drama
41960,Drama
11420,Drama
29844,
46476,
27961,Sci-Fi
34813,Action
51480,Horror
41562,Drama
45714,
31427,
42134,
19879,Horror Thriller
48670,Sci-Fi
6675,
3197,Drama
25914,Drama Mystery Thriller
25504,Comedy
28837,Drama Romance
43384,
47049,Documentary
8708,Drama
41110,Drama Thriller
26009,Action
23038,Drama
27047,Drama
22014,
45033,Documentary
20178,Mystery Thriller
47521,Crime Thriller
41929,Action Adventure
8675,Crime Thriller
29341,Comedy Drama Romance
796,
37911,
10377,Comedy
40690,Documentary
13635,Drama Thriller
43099,
18757,Drama
37335,Drama Romance
34517,Drama Romance
26937,Comedy Drama
30185,Drama
6208,
24471,Comedy
41101,Horror Thriller
12696,Drama
26750,Comedy
19160,Drama
33859,Drama War
37219,
38221,Comedy
25819,Animation
1059,Comedy
9115,Mystery Thriller
13101,
38772,
45262,Drama
15725,Drama Thriller
44661,Drama
2983,Action Sci-Fi
14591,Drama Romance
1478,Documentary
17655,Comedy
12035,
9591,Drama
409,
27898,Drama
16709,
2838,Drama
36734,Comedy
37,Drama
12416,Horror
32809,
17245,Comedy
48268,Drama Thriller
38605,Drama Romance
10726,Drama
11470,
14909,Comedy
48219,
32090,Drama
7888,
24506,Drama
11079,Crime Drama
28013,Drama
45332,Animation Children Comedy
48471,
27041,Drama
25004,Adventure Sci-Fi
36967,Drama
35568,Horror
23316,Drama Romance
44680,
20733,Drama
16187,Action
42201,Drama
778,Drama
46869,
36253,Thriller
4865,Drama
29479,Sci-Fi Thriller
45115,
42310,Comedy
12149,Drama
48753,
9935,
18459,Comedy
21464,
49035,Drama
32591,
6450,Western
39761,
8607,Drama
9723,
1674,Drama
33674,Drama
23221,Drama
3832,Thriller
30620,Drama
46943,Drama
4188,Drama
27387,Drama
32678,Drama
42722,Comedy Drama
29735,Drama
32377,Drama
21137,Drama
44950,Drama Romance
27985,
14299,Drama
23373,Drama
46204,Drama
40421,Drama War
2904,Drama
27762,
52019,Drama
25099,Action
22121,Drama
12232,Action
1664,Drama
6749,Drama
49972,Comedy
40515,
17914,Drama
41802,Drama
41122,
25506,Drama
33894,Drama
19198,Drama
42616,
46417,Comedy
32552,
49591,Drama Romance
27536,Animation
29145,
28754,Crime Drama
18419,Drama
32538,Comedy Drama Romance
10037,Comedy
3939,
45044,Drama
21107,
16519,Drama
45920,
40037,
3851,Drama
35319,Drama
43891,Drama
10351,Action Thriller
3986,
949,Action
24558,Drama
2760,Drama
46233,Comedy
31815,Comedy
31780,Drama
51291,Drama
28656,
46146,Comedy
5962,Documentary
48979,Sci-Fi
5320,
12340,
28424,Action
33312,Comedy
45691,Drama
39232,Horror Sci-Fi Thriller
398,Musical
29964,Comedy Drama
17613,Drama
50465,Crime
46070,Comedy
38999,Drama Romance
21134,
48710,Drama
22773,Drama
41718,Comedy
27733,Documentary
46246,Comedy
36659,Comedy
11124,Drama
21845,Drama
41667,Drama
26667,
7916,Drama
8748,Drama
10095,
27798,Comedy Drama
6609,
24909,Comedy
48603,Drama
40546,
12196,Action
15846,Action
25428,Documentary
10170,Drama
20547,Drama
33510,Comedy
466,
1539,Drama
35106,Children Fantasy
23450,Drama
9978,Drama
43465,Thriller
14791,Drama
39678,
18045,Comedy Drama
44167,Horror Thriller
36765,Action Thriller
31095,Drama
32580,
10058,Drama
37684,Comedy
28950,Drama
9578,
6539,
27512,Drama
22445,Documentary Drama
32840,Crime Thriller
17248,Crime
1723,Animation
19465,
18313,Drama
49426,Drama
7517,Comedy Drama Romance
51551,
1636,Comedy Drama
18354,Drama
16454,Comedy
2801,Adventure
17725,Drama
17123,
49952,Animation
47722,Comedy
14419,Comedy
43123,Comedy Drama
49097,Documentary
35571,
21515,Drama
44077,Comedy
24205,Documentary
8014,Horror Thriller
41888,Documentary
24157,Drama
2722,Action Drama
621,Drama
48283,
35129,Comedy
5087,Documentary
5897,Drama
47217,Drama
24567,Action Sci-Fi
2678,Thriller
39335,
10861,Comedy
50773,Drama
2007,Crime Thriller
2269,Drama
34646,Drama Thriller
4474,
22512,Comedy
50563,Comedy Romance
49406,Comedy
49978,Comedy Drama Romance
25117,Drama
25888,Drama
49876,
23004,
16093,
9355,Drama
41903,Drama
38211,
1812,Drama Romance
14349,Drama
6778,Drama
37708,Comedy
9695,Drama Romance
40849,Documentary
48518,
45295,Crime Drama
4653,Drama
32280,Action Drama Thriller
16205,Documentary
1366,Drama
33544,Crime
51406,
28503,Action Drama Thriller
955,Comedy
21758,
28142,Drama
7272,Horror
7900,Drama
1963,Comedy Drama
43178,
2482,Crime Drama
21064,Drama
49561,Drama
26136,Drama
33548,Action
30513,Documentary
51853,Action Crime Drama
34335,Drama
34029,Horror
47955,Drama
13731,Comedy
15958,
45962,
1187,Comedy Drama
13070,Drama
28466,
43570,Drama
29457,Drama
37761,Comedy
14069,Drama
35794,Adventure Animation Children
11593,Comedy Drama
2333,Documentary
9942,Horror
9125,Comedy Drama Romance
2544,Drama
25041,Animation
10438,
38002,Thriller
17842,Drama Romance
43051,Drama
2931,Drama Thriller
13192,Comedy
8790,
5154,Comedy
27408,Comedy
23746,Drama
52075,Action
20995,Comedy Drama
14210,Comedy
11717,Crime
25754,Drama
23270,Comedy
24273,Drama
15697,
2266,Comedy
30835,Adventure
42245,Action Crime Drama
28565,Documentary
12184,Action
9065,Drama
40616,Drama
5459,Drama
51393,Drama
7182,
16467,Documentary
41400,Comedy
24815,Drama Romance
36692,
28148,Documentary
10880,Thriller
26526,Action Crime
19117,
27248,
29982,
49423,Drama
45902,
2541,Drama
12357,Action Crime Thriller
46630,Documentary
42007,Crime Thriller
28411,Drama
45431,Drama
46283,
6225,Documentary
30059,Comedy Drama Romance
49205,Drama
3104,Action Adventure
26584,Drama Thriller
30950,
3004,Horror
19708,Horror
26568,Drama
14633,Drama
46089,Drama
22977,Drama Thriller
12903,Drama
16658,
2614,Sci-Fi
18251,Thriller
26258,Comedy
1454,Comedy
18910,
454,Comedy
15068,
7761,Drama
47130,Comedy
11147,Drama
28775,Comedy
26214,
21563,Comedy
50035,Drama Romance
21220,Crime Thriller
43551,
34916,
39409,Comedy Drama Romance
14473,Western
34521,Horror Thriller
29157,
16618,Drama Romance
37763,
43469,Drama
46373,Comedy
11264,Drama
10681,Drama
5280,Action
27491,Drama
41995,Drama
12432,Drama
31661,Drama
49724,Comedy
33231,Drama
2663,Drama
45472,Drama
6010,Drama
17820,Drama
15369,
40639,
41783,Horror
40374,Action Crime Drama
7800,Sci-Fi
49211,Comedy
3750,Drama
32121,Crime Drama
25427,
2366,Documentary
20655,Documentary
13984,Adventure
18856,Drama
22847,Sci-Fi
34616,
24266,Drama
24265,
43963,Drama Romance
3406,Documentary
45139,
30729,Comedy
1743,Drama Horror
44050,Drama
12025,Drama
1895,Animation Children
24922,Action
12959,Thriller
31032,
11201,Comedy
15439,
35976,Action
2162,Drama
50997,Action Drama Thriller
18636,Documentary
40498,Comedy
11814,Drama
3655,Crime
20257,Drama Thriller
3561,Comedy
16145,Horror
50745,Comedy
1807,Drama
51774,Drama
21800,Documentary
19353,Documentary
38190,
24413,Comedy Drama
50554,Drama
3431,Drama
23857,Action
9286,Drama
16577,Documentary
44131,
17556,Drama Romance
50460,Action Horror
29693,Drama
48474,Drama
36313,Comedy
18764,Horror Sci-Fi
21539,Drama
47153,Comedy Drama
11206,Drama
37454,Drama
36336,Drama War
44999,
38285,Drama Thriller
8646,Drama
28912,Drama Romance
5015,Crime Mystery
31512,Comedy
50684,Drama
23886,Comedy
37315,Comedy
11064,
459,Drama
28853,
10727,Drama Musical Romance
30927,
51078,Documentary
38241,
9613,Drama Thriller
47027,Action Horror Sci-Fi Thriller
35660,Drama
1726,Horror
44435,
8686,
21926,
12136,Comedy
9323,Comedy Drama
3009,
46232,Comedy
18982,
51092,Comedy Drama
51893,Documentary
21520,
21008,
16816,
27358,
42901,Drama Romance
30322,Sci-Fi
23468,
11155,
33124,Documentary
48275,Documentary
7317,Drama
2296,Comedy
30626,Drama
21528,Comedy
18151,Drama Romance
10957,Drama War
28077,Comedy Sci-Fi
2917,Comedy Sci-Fi
45071,Comedy
16085,
3069,Drama
43981,Adventure
30749,Drama
27187,Western
20459,Action
15179,Comedy
8919,Comedy Horror
10242,Drama
51380,Western
14594,Adventure Children
39567,Drama
15508,
29702,Comedy
22760,
42794,Drama Sci-Fi
17435,Drama
51814,
7453,Comedy
36651,Drama
20458,Children
1606,
37946,
42686,Drama
37573,
26652,Drama
39184,Drama
19521,Comedy
23879,Comedy
44145,
38037,Action War
29918,Documentary
960,Drama
27211,Horror
20648,Sci-Fi Thriller
33530,Thriller
28693,Comedy
15683,Action
4159,Horror
41300,Comedy Drama
13769,
23900,Comedy
50285,Drama
43639,Drama
42893,Documentary
36222,
33854,Comedy
11195,Comedy
13705,Drama
44367,
30302,Crime
44953,
13085,Drama Romance
5538,
26385,Documentary
41389,Western
40439,Action Drama
19858,Drama
40965,Drama
30822,Drama
29947,Action Drama Thriller
39721,
36142,Comedy
30399,
25237,Adventure
51416,Comedy
50492,Horror Mystery Thriller
15732,Documentary
21986,
6447,
6073,
21367,Action Adventure Comedy
11737,Crime Thriller
1581,Documentary
19787,Drama
8526,
52071,Comedy
30588,Drama
27850,Comedy Drama
44998,Comedy Romance
20956,Drama
25153,Drama
24953,Drama
431,Comedy Drama
33385,Drama
24172,
3115,
13992,
37429,Sci-Fi
25751,Comedy
45704,Drama
23616,Comedy
29907,Drama
19326,Drama
27345,Crime Drama
10724,Comedy
15918,Comedy Drama
8257,
1889,Drama
5135,
41937,War
223,Drama
28348,Drama
39435,Comedy
17172,Romance
26084,Drama
37644,Drama
24072,Drama
38205,Comedy Drama
7235,Mystery Thriller
40309,
32557,Drama
965,Drama
43421,Drama
2434,Drama
35253,Drama
27846,Drama
14738,Comedy
9140,Drama War
19594,Animation Fantasy
39175,
19342,Drama
40351,Drama
30381,Drama
14701,Crime Drama
38891,
51100,Crime Horror Thriller
48460,Drama
15408,Sci-Fi
39118,Documentary
51154,
12726,Crime Drama
10328,
43424,Drama
39860,Horror
46220,Drama Romance
8031,Animation
34457,Drama
37065,Comedy
22702,Drama
12605,Drama
27404,Drama
35242,Drama
50422,Documentary
29653,
29034,
40386,Thriller
51281,Action
21068,Comedy
17246,Documentary
13293,
50772,Drama
38714,Action Adventure
38032,Action
39293,
11564,
12462,Comedy
22863,Drama
7521,Drama
51646,Drama Romance
5819,Comedy Drama
15974,Action Thriller
34652,
16388,Drama
37390,
49484,
51519,
22665,Comedy Drama
2577,Documentary
34222,Comedy
5700,Adventure Animation Fantasy
19487,Horror Thriller
43805,Comedy Drama
837,Crime Drama Thriller
34868,
40049,
25832,Action Sci-Fi
23566,Documentary
39224,Comedy Drama
11503,Drama
36088,Drama
20692,Action
20264,Drama Thriller
49390,Thriller
7080,
29536,
4303,Sci-Fi
46709,Horror
49938,Sci-Fi
50083,
50112,Drama
27624,Drama
24684,
30041,Drama
30669,Comedy
40664,Comedy
4115,Comedy
8367,Drama
28724,Drama Horror
28002,Drama
32006,Drama War
36140,Drama Romance
1097,Drama
21329,Sci-Fi
19233,
43441,Drama
17924,Comedy
18207,
14313,Action Drama Thriller
18253,Crime Drama Thriller
14497,
30258,Action Thriller
22401,Drama War
47141,
27114,Comedy Drama
1307,Drama
20787,
47746,Comedy
33659,
35297,Comedy
23644,Drama
25173,Comedy
33178,Drama
51788,Documentary
16841,
39280,
45053,Drama Horror
48845,Drama Horror Thriller
21799,Action Sci-Fi
43604,Comedy
5956,Comedy
28047,Drama
10397,Drama
37064,Comedy
34005,Comedy Drama
43114,Drama
48773,
49886,Drama
28538,Action Thriller
6318,Comedy
14605,Drama
31816,Drama
48866,Action
45681,Thriller
30941,Drama
41639,Drama
32971,
12606,
23593,Drama
14406,Comedy
39623,Drama
13704,Drama
34133,Drama
42726,
44594,Drama
37375,Drama
7007,
24631,Drama
6782,Drama
4369,Drama
9235,
10502,Documentary
38270,Drama
47151,Comedy
37821,
13335,Crime
30333,Action Drama
43497,Drama
11371,
35000,Drama
27572,Comedy
660,Comedy
27021,Comedy
37183,Documentary
26491,Crime Mystery Thriller
16906,
21958,Drama
17601,
27744,Drama
33953,Drama
20260,Drama
27237,Drama
18634,Sci-Fi
47543,Comedy
8497,Comedy Drama
25392,Drama
34688,
18532,Drama
22212,Drama
37299,
49768,Comedy
14052,
13158,
27794,
5370,
44938,Western
27423,Comedy
12851,Comedy
43492,
36552,
26055,Comedy
17662,Drama
5571,Comedy
11126,Comedy Crime
31153,
36233,
40982,Drama
27912,Action Crime
42354,Comedy Drama
2666,Drama
13962,Comedy
50016,Drama
1120,Comedy Drama Romance
7897,Drama
5414,
27479,Documentary
33603,Crime Thriller
43186,
5080,Action Crime Thriller
51324,Drama
51206,Comedy
20693,Comedy
49447,Documentary Drama
49593,Drama
47796,Drama
39606,Drama
3926,Comedy
12628,Comedy
14097,Drama
46698,Comedy
41579,Drama
844,Action
20355,
15848,
34064,
38761,Comedy
45466,Comedy
28742,Crime Drama
8159,
13472,Drama
9398,Drama
18295,Crime Thriller
32177,Drama
48500,
17122,Action
20322,Comedy
43647,Drama
46935,Drama
5642,Documentary
21093,Drama
2672,Drama
41046,
40732,Drama
42465,Drama
31339,Horror
38571,Drama
50838,Crime Drama
13136,
10584,
31890,Sci-Fi
30767,Horror
49596,Drama
49773,
24048,Drama
47692,Drama
26939,
9228,Comedy
19458,
2802,Drama
41534,Comedy Drama
48317,
31904,
36915,Drama
6621,
15326,
34934,
9819,
38147,Comedy
42389,Comedy
22388,Drama
22493,Drama
31216,Drama Romance
3703,Drama
45894,Drama
6044,Documentary
11832,Comedy
46396,Drama
46585,Drama
12048,
41738,
18471,Drama
45051,Action Drama
425,Drama
24563,Drama
34045,
5471,Drama
19940,Drama
28402,Comedy Drama
8181,
36991,
48509,Comedy
13894,
41645,Action
8316,
29092,Drama
11990,
32408,Drama Thriller
18851,Documentary Drama
46479,
9079,Drama
10216,Documentary
17456,Drama Thriller
40754,
20132,
40891,Comedy Crime
14493,Documentary
43669,
48410,Comedy
25320,Drama
32136,Drama
23542,Drama
40993,Animation
29697,Horror Sci-Fi
27511,Documentary
3662,
18789,Drama
25272,
6844,
14241,
51398,Comedy
23799,Comedy
5809,
18308,Drama
11532,Drama
9861,Comedy
1993,Drama
36998,Drama
37186,Documentary
11385,Drama
32761,
21610,Drama
38468,Drama Romance
122,
15405,Comedy Romance
9794,
14844,
3109,
12727,Comedy
26553,Drama
12719,Drama
25581,Drama Romance
15575,Comedy
21150,Comedy Drama
40626,Drama
12515,Drama Thriller
31168,
41580,Comedy
3773,Comedy
42838,Drama
12705,
48647,Drama
44046,Romance
42342,
15129,Comedy Drama
9785,
29303,Comedy Drama
28041,Drama
12310,Drama Romance
17386,Drama Romance
2696,
16589,Drama
20108,Drama
38108,Drama
22016,Drama
23071,Drama
13580,Horror
49382,Drama
8110,Drama
40383,Drama
32002,Comedy
25049,
47095,
26621,Drama
46349,Drama
861,Drama Romance
4292,Documentary
33179,
39326,Comedy
7219,Drama
15488,Mystery Thriller
18847,
32270,Comedy Drama
29032,
371,Documentary Drama
44134,Drama
47238,Adventure
4498,Drama
20754,
28569,
50235,Drama
26649,Western
39724,Drama
32025,Action
17932,Adventure War
453,
23853,Comedy Drama Romance
38680,Drama
20455,Horror Thriller
51266,Documentary
4502,Action Sci-Fi
27586,Drama
42072,Drama
6871,
36999,Action Drama War
39148,Comedy
30328,Drama
37900,
2193,Drama Thriller
35171,Drama
20870,
8277,Comedy
37369,Drama
21723,
35168,Horror
1733,Action Crime Drama
6429,Drama
20529,Drama
24899,Action Sci-Fi
8415,Drama
22334,Drama
34177,
2328,Drama
12231,Comedy
47765,Action
49151,
27775,
18171,Crime Thriller
34114,Action Drama
44486,Drama
26607,Drama
12962,
29490,
29633,Drama
25409,Comedy
47991,Drama Romance
14734,Drama Romance
16771,Drama
40150,Horror Thriller
3810,Documentary
22995,Drama
20484,
5547,Drama
14050,Comedy
39028,
33027,Drama
52109,Drama
12171,Drama
16879,
49750,
42745,Drama
34433,Adventure
47707,Drama
24796,
5891,Drama Horror
16834,
34792,Drama
41276,Drama
42197,Horror
5353,
40158,
21410,
14526,
26539,Drama
29050,Documentary
41558,Horror
27644,Comedy
9237,Comedy Crime
29356,Documentary
21148,
29994,
24881,Drama
6892,Drama
24497,
6598,
43361,Sci-Fi
17719,Drama
50455,Horror Thriller
32122,
36593,Crime
36038,
48631,Drama
41012,Drama
36672,Drama
14819,Comedy
24098,Comedy Drama
43320,Action Adventure
43379,Comedy Drama Romance
44653,Comedy
37824,Drama
39661,Drama
46604,Drama
13450,Comedy Drama
39134,
1450,
46579,Action Sci-Fi
29090,Drama
31201,Drama
13442,
3229,
10120,Drama Thriller
12423,Drama
14910,
1648,Comedy Romance
33577,Comedy
40485,Documentary
5917,Drama
14045,
16161,Comedy Drama
1617,
35215,Drama
48826,Comedy
33922,
15602,Horror
20818,
1831,Thriller
34258,Comedy
40602,
15981,Comedy
25534,
17963,Drama
42148,Action
28791,
31254,Action
30327,Drama
79,
32256,
27995,Drama Romance
14275,Action Adventure Sci-Fi
43918,Drama
25030,
29544,
9299,Action War
20476,
13299,Action
8393,Drama
21710,Comedy
26257,Documentary
14195,Horror Thriller
36763,Comedy
17562,Documentary
9002,Drama
13082,Comedy
25405,Drama
43605,Comedy Drama
37697,
43662,Drama
1078,
38854,Drama
33737,Documentary
17931,
35469,Drama
36910,
23592,Documentary
33630,Drama
4910,Drama
25752,Documentary
6287,
31837,Comedy
32633,Western
48728,Romance
21682,Comedy Drama Romance
13576,Documentary
33508,Drama
6389,
13183,Drama
42772,Drama
41705,Documentary
31777,
7044,Sci-Fi
463,Comedy Romance
48676,Drama
1680,
41090,Comedy
23611,
45337,Crime Thriller
43815,Comedy
14551,Animation Children
32852,
20259,
51187,Comedy
13302,Drama
5830,
8819,Comedy Drama
3624,Drama
36436,Drama
18854,Drama
42275,Documentary
16074,Animation
46073,Crime Thriller
20516,
43313,Comedy
35902,
51207,
20768,Drama
34966,Drama
51509,Drama
22238,
2068,Comedy Drama
34968,Crime Thriller
3219,Comedy Drama
4519,Western
24978,Drama
9444,Comedy
44343,Comedy
228,Drama
26282,
7942,Drama Romance
46001,
21849,Drama
33931,Documentary
8523,
45736,Comedy Drama
36872,
48520,Drama
22473,Comedy Drama
31759,Drama
9603,Drama
17135,Drama
779,
4590,
31701,
879,Comedy
31165,Drama
46642,Drama
46533,Drama
13460,
46038,Comedy Thriller
35048,Drama Thriller
3759,Documentary
8528,Drama
31964,Action
21003,Drama Romance
48873,Drama
3129,
31859,
2981,Action Horror
2899,Comedy Drama
28234,Action
32980,Comedy
37204,Drama
35532,Comedy Drama
28808,Drama
18370,Drama
38896,Drama
34755,Western
2489,Horror
39684,Comedy Drama
21179,Crime Drama
14866,Drama
6016,Comedy
46360,Drama
13282,Documentary
50210,Drama
5569,Drama
27993,Drama
44064,
14855,Adventure
49003,Comedy Drama
36727,Drama
18451,Drama
35009,
19052,
44504,Drama
46441,Drama
19709,Documentary Horror
24426,Comedy
35997,Crime
9518,Action
51203,Thriller
42078,Action Adventure Animation Sci-Fi
7144,Crime Drama
6567,Comedy
18221,Drama
25313,Comedy
49224,Drama
6354,Drama
10536,Crime Drama Thriller
41461,Comedy
1724,Comedy Drama
31501,Documentary
24958,
10064,
13383,
50048,
18596,
14589,Crime
1575,Comedy Musical
17212,Comedy
20368,Drama
17592,Drama
39547,Drama
27518,Comedy
6608,Action Crime Drama
1436,Action
51951,Drama
47442,
40759,
7439,
15691,Drama
44596,Drama Horror
48277,Horror
34341,Comedy
31732,
33029,Comedy Horror
22969,Action Crime
11683,Documentary
9882,Drama
41324,
1236,
38008,Action Comedy Crime
33193,Comedy Drama
38848,Comedy
34790,Drama
39994,Comedy
7610,Crime Thriller
34955,Comedy
5486,Documentary
50081,Comedy
46821,Crime Drama
24973,
36496,Drama
38129,
4315,
28320,Drama
36420,Comedy
4705,Comedy Drama
35940,Drama
40481,Sci-Fi
35122,Comedy
7933,Drama
35631,Comedy
18802,Horror Sci-Fi
47563,Comedy
25789,Action Drama War
35177,
50240,
29379,Drama
7500,
11839,Documentary
6686,Horror
23827,Comedy
46778,Drama
38123,
1012,Drama
41935,
31847,
42880,
31013,Comedy Drama
41894,Action
30482,Crime Thriller
43187,
6196,
25115,Comedy
15767,Drama
7089,Documentary
47946,Thriller
548,Drama
18833,Drama
48255,Action Crime Thriller
7356,
3673,Comedy
7306,
44552,
17089,Drama
48431,
50912,
35240,Horror Thriller
7385,
25193,Horror
47101,Drama
36372,
46938,Drama
34945,
39244,
39971,Action Crime Drama
7240,
23123,
46764,Drama
7936,Drama
44203,
28280,
11107,Documentary Drama
25375,Action
38125,Drama
36980,
23675,
25584,Crime Thriller
8108,Action
24008,Comedy
26235,Comedy Drama
3707,
12298,
15931,
11299,Comedy
14298,
48958,
14384,Western
4501,Drama
9774,Drama Romance
3818,Horror
42883,Drama
635,Documentary
21312,
43302,
47960,Musical
21982,Comedy
6862,Drama
2001,Drama Romance
2532,Comedy Crime
40101,
20488,Horror Thriller
30942,Action Comedy
51237,Children
6582,Sci-Fi
26503,Crime Drama Thriller
22341,Comedy
4539,Comedy
52046,Drama War
45690,Comedy
1668,Comedy Drama
7527,
25075,Comedy
44616,Comedy
38181,Drama War
41790,Drama
24717,
7588,
10426,Documentary
12102,
31007,Drama
4420,
39214,Documentary
36325,Drama
25036,Documentary
48608,Comedy
26435,Drama
182,Drama
24002,Action
27988,Comedy
2418,Drama
19214,Drama
11202,Documentary
45677,Comedy
50932,Action
8530,Crime Drama
9790,Comedy Romance
41526,Documentary
40684,
34477,
21436,
25221,
13492,Drama
29388,Horror
38155,
52009,Drama
27591,Comedy
9638,Drama
42378,Drama
11021,Comedy
30663,
50159,Drama War
215,Comedy
37885,Western
4334,Comedy Drama Romance
40940,Drama
47786,
38232,
45105,
24438,Drama
48701,Comedy
21584,Drama
38199,Drama
31458,
29895,Crime Drama
45722,
901,Drama
17411,
11997,
27014,Drama
40411,Comedy
22741,Drama War
36969,Drama
9788,
24787,Comedy
828,Comedy Romance
11504,Musical
11828,Drama
40884,
42066,
14829,Comedy
33497,Drama
37622,Comedy Drama
26952,Horror
40622,Action Thriller
31311,
22755,Sci-Fi
305,Drama
21289,Drama Romance
12034,Drama
15066,Drama
6297,Comedy
47092,Drama Thriller
36224,Drama
39811,Drama
26408,
50617,Drama
22888,Documentary
31879,
32910,Drama
41881,Drama
41919,
5136,Documentary
49008,Thriller
29226,Drama Romance
11800,
47845,Drama
37918,Drama
33871,Action
33996,Drama Romance
6661,Drama
28324,
46062,Crime Drama Thriller
2129,Comedy
15525,Comedy
39962,Drama
31908,Drama Romance
10656,Drama
27774,Comedy Sci-Fi
24537,
52044,Sci-Fi
44439,Documentary
44872,Comedy
37312,
16050,Comedy Drama
42227,Drama
44801,
37725,Comedy
37796,
20572,
29148,Documentary
23619,Comedy
16299,
22383,Documentary
11596,Comedy
29973,Drama
42408,
45432,
38953,Comedy
7830,
9376,
9239,Comedy
44783,Drama
34261,
10553,Documentary
33875,Comedy
16434,Action Sci-Fi
5330,
25218,Action
44473,Drama
28505,Documentary
37449,Comedy Drama
17237,Drama
5426,
39894,
26130,Drama
19150,Crime
7654,Drama
17873,Sci-Fi
13794,
4549,Comedy
32193,Drama Romance
1688,Children Comedy
29357,
24770,Comedy
33775,Documentary
27809,Comedy
481,Action
16764,Action
52067,
11673,Thriller
1673,Drama
20273,
28200,
39758,
19633,Action Drama
5166,Sci-Fi
29416,Sci-Fi
43001,Action Crime Drama Thriller
29021,Drama
3699,Thriller
9703,Comedy Drama
44643,
23676,Drama Romance
29634,
10041,Drama
30574,Comedy Drama
43821,Drama
22411,Drama
48614,
28847,Comedy
25604,Drama
33841,Comedy Romance
42937,Drama
8260,Drama
35896,Action Drama
20999,Drama
100,Action Adventure Fantasy Horror
23815,Drama
21728,Comedy Romance
7492,Crime Drama
25890,
20356,Horror
48415,Drama Thriller
7110,Comedy
14887,Comedy
50080,Documentary
15892,Comedy Drama
24577,
7904,Drama
30253,Comedy Drama
18541,Comedy Drama
5354,Romance
39508,Drama
23883,
4468,Animation
26127,Drama
34208,Drama
8467,
6832,Crime
5736,Documentary
10190,
19336,
7966,
33765,Drama Romance
30610,Comedy
42858,Comedy
2433,Drama War
47423,
12192,Drama
40372,Documentary
254,Documentary
25187,Documentary
27534,Drama
1661,Drama Romance
15442,Sci-Fi
36701,
45657,Drama
19705,Drama War
23030,Comedy
35531,Comedy
48252,Horror Thriller
23848,Crime Drama
22024,Comedy
41011,Drama
44991,Comedy
29594,
8910,
16535,Drama
25531,
38072,Drama
31444,
29547,Drama
21477,Western
24371,
27869,Documentary
47468,
19212,
1665,Action Crime Thriller
31926,Drama
19882,Drama
6015,Animation
2858,
32786,Drama
23469,Crime Drama
13035,Drama
18059,Drama Romance
27120,Action Drama
12235,
41094,Comedy
34754,Drama
29835,Drama
48848,Crime
22405,Documentary
12274,Drama Thriller
47888,Comedy Musical
15843,Drama
11983,Documentary
52034,Drama Thriller
10635,
25647,Action War
51388,
1484,Comedy
19223,Action
12309,Documentary
46546,Comedy Drama Romance
38059,Horror
50466,Drama Thriller
8806,Drama
24852,Comedy Drama
43645,Drama
37979,Documentary
19759,
46361,Crime Drama
19195,Drama
16961,
9272,Comedy
14448,Drama
29142,Drama
30634,Documentary
35042,Drama
50201,Drama
19094,Drama
51857,Sci-Fi
7957,Drama Thriller
6958,
33657,Drama
4900,Comedy
21623,
15668,
44474,Horror
1511,Crime
40814,Drama Romance
42542,Drama
29791,Thriller
21516,Drama
34875,Documentary
17140,
20504,
44181,Drama
36577,Documentary
10418,Comedy
27800,Drama
12839,Comedy
6369,Drama
30096,Drama
42930,Animation Children Comedy
19765,Comedy Drama
24073,Comedy Drama
8233,Comedy
16206,Drama
39260,Drama
1384,
11140,
13506,Comedy
43152,Drama Romance
5803,Comedy
15798,Drama
17317,Comedy
4822,Documentary
20606,Drama
17685,
2516,Drama
19509,
25652,Horror
19957,Comedy
25707,Drama
32153,
50654,Thriller
19409,Documentary
47900,
41205,Crime Drama
51608,Drama
34781,
45121,
12914,Comedy Horror Sci-Fi
25125,
48307,
45633,Crime
11928,
37028,Thriller
39782,Drama
4304,Drama
20931,Comedy
945,Drama
23531,Drama Horror
33909,
35347,
14902,Drama
6020,Crime Drama
44692,
38906,Drama
50571,
32800,
14706,
7242,Horror Thriller
50178,
25669,
34060,Western
10118,Drama
31276,Drama
16644,Drama
37789,
47684,Drama
49328,Animation
9842,Mystery
30606,Horror
51481,
22464,
34629,Drama
9245,Drama
13675,
29571,Drama
2125,
16982,Comedy Drama
48493,Action
51615,Comedy Thriller
28809,Drama
4472,Drama
40786,Action
4684,
44467,Sci-Fi
279,Drama
32418,Horror Thriller
10953,Drama Romance
40155,Drama
52030,Drama
42262,Drama
49452,Drama
28117,Drama
40428,Comedy Drama
7652,
10746,
48784,
3344,Comedy
7990,Drama
28172,Drama
43855,Drama
46677,Drama
5494,Comedy
40302,
20922,Drama
29565,Drama
35340,
12767,Sci-Fi
33586,Adventure Drama
17058,Drama
17207,
28740,Comedy
36452,Action
40219,
39165,Comedy Drama
16070,Comedy
41153,Drama
39221,Thriller
44446,Drama
21258,
25076,Horror
7637,Drama
27395,Drama
50139,Drama
16966,
15491,Comedy
24439,
529,Comedy
42447,Adventure
11803,Drama
34380,
39680,Action Drama
49488,Comedy Drama
25541,Drama Romance
43592,Drama
38514,Comedy
47701,Comedy Fantasy
33444,Drama
20520,Drama
41434,
34765,Documentary
2491,
26819,Drama
31841,Drama
51433,Mystery Thriller
18288,
10563,Drama
50630,Comedy
19438,Comedy
30275,
45769,
28576,Documentary
18645,Comedy
43032,Comedy Drama
24919,Horror Western
5911,Horror Thriller
12012,
33613,Drama War
40079,Drama
50506,Sci-Fi
12111,
46896,
29655,
50568,Crime Drama
34219,Comedy
49744,Drama
10975,Action Adventure Sci-Fi
40975,Horror Thriller
31020,Drama
23155,
28552,Drama
28477,Drama
28916,Comedy
23917,Documentary
48422,Sci-Fi
11303,Documentary War
42507,Comedy
36157,
36844,Thriller
21299,Drama
26635,
5017,Comedy
37737,
160,
17712,Comedy Drama
24722,
20678,
45151,Drama
51533,Documentary
18602,Drama
20124,Horror
36433,Drama
46590,Comedy
37447,Crime
22251,Drama
8605,
6337,Comedy
17657,Comedy
1274,Comedy
51681,Drama
20081,
2452,
31455,Horror
28450,Action
36721,Drama
4892,Drama
17611,Drama
23367,
42065,
15837,
30694,Action Thriller
36090,Crime
11893,
49062,Drama
28065,Comedy
49884,Fantasy
45002,Comedy
51339,Drama
40716,Documentary
4588,Drama
42255,Drama
34693,
16428,
23750,
1967,Comedy Drama Romance
24495,Drama
41732,Drama Romance
6533,Drama
31868,Animation
49946,
31689,
24013,Comedy
20548,Drama
4279,
23081,
20566,Comedy
1417,Documentary
19405,
33426,
42158,Drama
41089,
12147,Drama
45707,Comedy
3026,
21560,
14221,Drama
33619,Drama
3689,Drama
32238,Drama
51701,Comedy Romance
11769,Drama
31629,Crime Drama
50971,Drama
1271,Crime Drama Thriller
31255,Action
42665,
31473,Drama
18794,Crime Drama
26949,Drama
37503,
41160,
10130,Drama
10375,Action Drama
13796,
51359,Crime Thriller
42909,
30284,Comedy
9103,Drama
34530,Drama
38488,Drama Romance
23543,Crime Drama
51933,
2410,Drama
46523,
41897,Drama
5162,Drama
35412,Drama
36484,Drama
21916,Drama
33819,
1771,Drama
4427,Drama
14665,Comedy
17666,Documentary
14024,
51063,
13591,
19555,
32197,
30394,Drama
19588,
46054,Drama
11280,
28946,Drama
14510,Drama
30906,
9033,Drama War
18787,
26431,Thriller
22688,Sci-Fi
8585,
49514,Comedy Drama
41977,Drama
50663,
2817,Comedy Drama
25922,Crime Drama Thriller
37770,Drama
47155,Drama
17772,Drama
22643,
47375,Comedy
14571,
50050,Drama
43016,
51571,Drama
19431,Drama
17506,Drama
1109,Documentary
9657,Comedy
26446,Comedy Drama
46402,Crime Mystery Thriller
11214,Drama Horror
51777,
26234,Comedy
43349,Horror
7580,
49771,Sci-Fi
10518,
50425,
40373,Drama
38182,Comedy
44302,
40522,Drama
29219,Drama
26236,
2440,Drama
18627,Drama
42666,
28580,Children Comedy
39785,Drama Thriller
43287,
2556,
22726,Thriller
20141,Drama Thriller
4085,Drama
37198,Drama
15810,Drama Thriller
47246,Comedy
36939,Documentary Drama
46241,Horror
46890,Drama
6376,Documentary
18876,Drama Romance
4140,Drama
28299,
422,Action Thriller
10463,Action Thriller
49259,
48400,Crime Drama
18748,Comedy
9967,
38220,
3042,Drama
12239,Drama
13519,Drama
9351,
40613,
10129,Comedy Drama
42366,Western
2727,Documentary
40392,Drama
28848,Comedy
27841,
29383,Drama
6688,Drama
13328,
1531,Comedy
25162,
34141,Drama
30184,Comedy
25081,Comedy Drama
11454,
10336,Comedy
15158,Drama
20939,Documentary
2870,
49055,Documentary
8507,Drama
7126,
40436,Drama
40416,Comedy Romance
12538,
46549,Comedy
34235,Action
14246,
39422,
19780,Drama
38176,
28595,Horror
18901,Comedy
8021,
6987,Comedy Drama
24551,
7672,Documentary
27612,
48801,Drama
30996,Drama
35440,Documentary
16453,Comedy
6092,Comedy
3164,Drama
40611,Documentary
48523,
50955,Action Drama
49562,Drama
49004,Drama
10833,
41727,
6180,
25486,
12082,Adventure
7968,Drama
37951,
5630,Drama War
9227,
50386,Comedy
269,Drama Romance
49231,
44589,Drama
19906,Comedy
45123,
8256,Crime Drama Thriller
49962,Horror Thriller
33567,Comedy
9749,Action Comedy
4991,
45841,Drama
33301,Drama
23035,Crime
27691,
9451,Comedy
20840,Crime
48718,Drama
12120,Drama Romance
22233,Drama
44571,Drama Thriller
11871,
31519,
3898,
23759,Drama
42622,
5608,
27797,Drama Romance
34041,Drama
33867,Drama
42305,Horror
38556,Drama
38625,
40774,
12436,Horror
5912,Action Crime Thriller
11898,
28871,Drama
46104,
38921,
41864,Comedy
39474,Drama
16152,
2082,Drama
40425,
21929,Drama
47408,Drama
12380,Drama Romance
28137,Sci-Fi
21581,
38753,Comedy
45281,Drama Romance
16083,Drama
19567,
35001,
40250,
50748,Drama Thriller
2756,Drama
13493,Crime Drama
47004,
34903,
20430,Comedy
3717,
18609,Horror
18978,Action Thriller
28718,Drama Thriller
13668,Drama
8294,Comedy
10167,
43108,
42545,
36151,Comedy Drama
10153,
3321,
17746,Drama
37651,Drama
33933,Comedy
9762,Drama
25994,
23184,Drama
31921,Sci-Fi
32162,
17801,
9032,Drama
25923,Comedy
37142,Comedy
22030,Horror
47967,Drama
401,Drama Romance
43814,Comedy
19532,Horror Sci-Fi
32107,Action Crime Drama Thriller
46774,Comedy Drama
22510,
11287,
43839,
24139,Drama
49965,Thriller
38157,Drama
40307,
4262,Horror
19166,Comedy
30778,Comedy
18315,Comedy Romance
2642,Documentary
50380,
21617,Drama
45583,Drama
32476,
6674,
10322,Drama
35651,Horror
46932,Action Thriller
38455,Drama
16550,Drama
19496,Drama Romance
45755,Horror
32371,Drama
8927,Comedy
4439,Horror
46395,Drama
1692,Drama Romance
10745,Drama
46362,
16693,Drama
35922,Drama
9654,Drama Romance
623,Horror Thriller
31436,Drama
27701,
46123,Drama
21271,
48017,Comedy
15201,Comedy Thriller
27517,
16421,Horror
32291,Action Crime Thriller
35475,Comedy
33046,
18043,Comedy
25157,
5883,
25831,Drama
38676,Comedy
47781,Comedy Drama
47817,Sci-Fi
5957,Drama
24430,Drama
32370,Drama
20385,Drama
47983,
32442,Documentary Drama
28373,Comedy
22417,Drama
50865,Drama
23188,Animation
24765,Comedy
45010,Drama
16683,
33840,Drama
42210,Mystery Thriller
23235,
3589,
50959,Drama
38386,
51680,
6263,Comedy Drama
3356,Comedy
37361,
9946,Action Adventure Sci-Fi
47618,
11522,
1768,Horror Thriller
29514,Drama
318,
6182,
22850,
23991,
38981,
43889,Drama
20789,
33540,
28316,Comedy
46727,Horror
21821,Crime Drama Thriller
1762,Drama
17289,Drama Romance
44870,Romance
30680,Drama
20613,Comedy
35850,
51606,Drama
8533,Drama Horror
11714,Comedy
33999,Drama
25458,Thriller
10349,Comedy Romance
42486,Drama
23741,Drama
12545,Horror
21518,Drama
4968,Drama
36676,Crime Drama Thriller
46747,Western
9940,Action
42590,Documentary
44456,
47066,Drama
21225,
34820,Action Thriller
9574,Comedy Drama
20653,Drama
32585,Documentary Drama
14675,Drama
42446,Drama Romance
33704,Drama
29685,Drama
46695,Drama
3728,Crime Drama Thriller
21009,Comedy
37661,
17043,Action
31148,Drama
24298,
51102,Drama
5300,Crime Drama Mystery Thriller
32487,
30251,Documentary
21978,Action
14663,Comedy
10934,Thriller
4320,
52122,
46137,Drama
7708,Action
3553,Drama
27989,Drama
8065,Drama
51273,Documentary
14264,Action Crime Thriller
32515,
39361,Crime
32012,Adventure Animation Children
46510,Drama War
40895,
35946,
18824,Drama
26160,Drama
46443,Drama
818,Horror
35182,Comedy Drama
20,
49095,Drama
22704,Comedy
31747,Comedy
29936,Comedy
39389,Comedy
27159,Drama
49437,Thriller
45752,
6377,Drama
45836,
5822,
37623,Drama
2419,Drama
47315,
14181,Drama
22244,Comedy Drama Romance
24855,Drama
8940,
38840,Drama
33308,Drama
17938,Crime
41128,Drama
3704,Comedy
3676,
33511,Drama
11104,Comedy
13890,Comedy
44584,
50480,Action Adventure
831,Action Thriller
3982,
59,Drama
42254,Documentary
32251,Drama
45456,
12435,Comedy
2951,Documentary
7157,Comedy
28123,
24126,
40358,Comedy
18220,Thriller
34648,Horror
22751,Action Adventure Animation Children Comedy
35999,Adventure Children Fantasy Romance
30685,Action Sci-Fi
42226,
4958,Drama
23116,Drama
35213,Drama
7045,Comedy
40072,
3457,Drama
45948,
9890,Drama Horror
21759,
39865,Comedy Drama
553,Comedy
9786,
21970,Documentary
14065,
42185,
26499,Drama
41415,Drama Romance
16969,Documentary
50839,Drama
39216,Comedy Drama
11401,
16533,Drama Thriller
14649,Sci-Fi
29006,Drama
24972,Comedy Drama Romance
15440,
5978,Action Horror
45954,Horror
48790,
52027,
38888,
46023,Horror
48736,Drama
41425,Comedy
15627,Action
27736,Drama Romance
41999,Drama
14733,Drama
6850,Adventure
8356,Comedy
50491,
28279,Drama
19702,Crime Thriller
24355,Drama
32376,Comedy Drama Romance
29749,Action Drama
23142,Comedy Drama
18170,Action Adventure
9623,Comedy
40693,
31607,Horror Sci-Fi Thriller
49983,Drama
2851,Drama Romance
47612,Drama Romance
21322,
10856,
48867,Drama
47517,Adventure
32791,Horror Sci-Fi
42459,
12832,Documentary
19726,Horror
27943,Children
23983,Comedy
41782,Drama
48139,Drama
30807,Drama
39696,Drama
19677,Comedy
38096,Comedy Romance
23122,Drama
4274,Drama
24351,Comedy
38407,Drama
44147,Documentary
32398,Crime
32409,Drama
10620,Horror
15248,
14062,Comedy Drama
52,Thriller
4833,Drama
16140,Drama
51639,Crime Mystery
21149,Comedy
5133,Drama
37811,Drama
26684,Comedy Drama
19323,Comedy
40808,
24268,Comedy
17222,Mystery
24177,
27337,
14030,Action Crime Thriller
8374,Comedy
10795,Drama
7941,
25315,Drama
29858,Drama
2441,
39281,
48581,Action Crime Thriller
30318,Action Drama
8322,Comedy Romance
37605,
49778,Comedy Romance
12523,Crime Thriller
21818,Comedy
29523,Animation
4070,Documentary
38851,Drama
51563,Drama Romance
19609,
32589,Drama
33128,Documentary
40789,
1057,Drama
6076,Drama
29372,
10104,Sci-Fi
30262,Comedy
47219,Comedy
3854,Comedy
12589,
44875,Action
17296,
45287,Drama
18300,
39524,Comedy Drama
17853,Horror Thriller
25561,
13821,Documentary Drama
260,Crime
33515,Drama
36064,Drama
49718,Drama
32807,
7926,Horror
17521,
32723,
43252,
2764,
39141,Drama
10224,
43761,Drama
4528,Documentary
19517,
22395,Comedy
10330,Comedy
51930,Drama
30345,Drama
32424,Drama Horror Thriller
44027,Drama
49451,Comedy
45877,
4836,Drama Romance
24644,Horror
36832,Drama
51613,Drama
26333,
38530,
36425,Adventure
31037,Drama
32056,Drama
39313,
6709,
10921,
34271,Documentary
30502,Documentary
18534,
47702,Drama
52117,
1326,Comedy
16478,Comedy
19002,
8253,Comedy
2542,Drama
44724,
40787,
28459,Drama
42795,Drama
25778,Drama
41315,Action Adventure Animation Fantasy
31381,Drama Romance
592,
16622,Drama
6387,Action Thriller
52149,Drama
27681,
23928,Comedy
37247,Drama
3693,Drama
35645,Action Fantasy
304,Action Crime Drama Thriller
42151,Comedy Drama
16144,
18504,Documentary
19806,
3505,Drama
23040,Action Comedy
1025,Comedy Romance
4803,Drama
28027,Comedy Drama
34326,Action Thriller
51771,
27848,Drama
47616,
34550,Drama
30877,Drama
33830,Action Sci-Fi
48612,Action
15926,
4015,
39501,
28815,Action Thriller
43700,Drama
5638,
645,Drama
26192,Drama
16182,
17050,Comedy Drama
23948,Drama
17609,
34858,
9823,Drama
7188,Comedy
48969,Action Drama Thriller
47693,Drama
38743,Comedy
39757,Horror
33987,
14785,
6953,Horror
49824,Drama Romance
12057,Horror
21362,
42527,Crime Horror Thriller
46782,
41156,Adventure Fantasy
19965,Sci-Fi
3574,
12894,Comedy
14253,
19907,Horror
40455,Drama
1387,Drama
21602,Drama
36424,Comedy
11219,Comedy
21865,Crime Drama
26601,
34993,
33233,
51834,Horror Thriller
37664,Drama
42541,
2705,Drama War
7388,
50523,Drama
45638,Drama
45993,Drama
31235,Drama
35727,Drama
15819,Comedy Documentary
42300,Drama
33683,Drama
47078,
27945,Drama
49615,
34627,Comedy
17550,
13128,Comedy
10287,Comedy Drama
32430,Drama
32548,Horror
34840,
37497,
31523,Documentary
681,Drama Thriller
7495,Horror
11846,
35291,Drama
48358,Action Adventure
4659,Comedy
31106,Comedy
26848,Comedy
6855,Comedy
10461,
46675,Comedy
10015,
37318,Horror
8248,Drama
47064,
27075,
16402,Drama
23530,Comedy
38795,
43687,
2840,Drama
2839,
27915,Comedy Drama Romance
23178,
28997,Documentary
19772,Horror Sci-Fi
28319,
18048,Drama
719,Adventure
16532,Drama Romance
587,Drama
47803,Drama Romance
19143,Documentary Drama
4210,
874,Comedy
47839,
4788,Western
46371,
41284,
41839,
24995,Action Sci-Fi Thriller
48729,Comedy
2306,Comedy
37021,
21180,
3993,Drama
21918,Drama
21626,Comedy Drama
14096,
27882,
40667,Documentary
16639,Comedy
46114,
29727,Drama
35755,Drama
47645,Drama
28406,Drama
18896,Comedy Drama Romance
12465,Comedy
23569,
36327,
25248,Documentary
35675,Drama
30760,Action Crime
29713,Drama
14690,Sci-Fi
35002,Horror
51111,Comedy
48604,
35626,Comedy
32017,Comedy
10453,Drama
36067,Drama
47433,Thriller
24464,Documentary
8809,
21089,Drama
30545,Documentary
43427,Drama
11639,Drama
16880,Horror
41102,Comedy Drama
26614,
17290,
24004,Drama
24719,Drama
37782,Sci-Fi
39068,Documentary
4538,Crime Drama
1540,Drama
40268,Drama
36657,Comedy
9519,Drama
18441,
24971,Drama
28028,
32104,Documentary
11656,Drama
10051,Comedy
31139,Drama
19595,Drama
51972,Drama
32143,
14427,
44180,Comedy
46509,Crime Drama
536,
28994,Action
39274,Action
29579,Drama
47965,Drama
25160,
21658,Comedy
18655,Comedy
11222,Animation
1816,Comedy
14423,Adventure Romance
18553,Drama War
15451,Drama
51418,Drama
13421,Thriller
51556,Sci-Fi
49313,
22306,
39584,Comedy Drama
51098,
40,Action
30924,
7739,
43836,Drama
10541,
31128,
46538,
21478,
30436,Comedy Drama Romance
8549,Drama
17404,Comedy
15014,Comedy
41754,Documentary
50317,Drama
14232,Documentary
52060,Drama War
1346,Documentary
31462,Animation Comedy
46692,
28757,
11414,Drama
31185,
14118,Action Crime Thriller
41138,Drama
33057,Drama
39376,Comedy
6171,Comedy
46435,Animation Comedy
46646,Drama
39302,Drama
8557,Sci-Fi
41938,Comedy
17860,Drama Thriller
28874,Drama
8413,Documentary
9624,Comedy
18119,Drama
47486,Comedy
22339,Documentary
32187,Mystery
48494,Comedy Romance
43990,
17113,Action Crime Thriller
7547,Drama
40395,Action Crime
5149,Documentary
33479,
38494,Drama
45626,
1569,Drama
84,Drama Thriller
15576,Comedy
8051,
28214,Drama Thriller
42948,Drama
46775,Drama
33078,Comedy
28285,Action Thriller
38020,
46190,
15279,Crime Drama
18067,Drama
25816,Drama
34992,
31069,Drama
8173,Horror
20310,Action Drama
21895,Action Drama Thriller
39088,
23341,
33428,
31711,Horror
50529,Drama
39821,Comedy Drama
1990,Action
46236,
14407,Drama Romance
13966,Drama
5027,Documentary Drama
25638,
7921,Drama
24434,
47267,Drama
13805,
45907,Comedy Drama
35398,Drama
925,
17079,Drama
21885,Documentary Sci-Fi
34720,
6014,
2391,Drama
36155,Drama Thriller
3019,
28447,Drama
23154,Horror
28182,Comedy
3803,Drama
12943,Drama
26073,Action
44341,Drama Romance
255,Drama
11120,Drama
32024,Documentary
16936,Drama
2997,Action Thriller
3466,
37517,Drama
43398,Drama Romance
44516,Drama
20691,Drama
29818,
40705,
32224,Fantasy
37224,
29057,Drama
5858,Comedy
12314,Drama
47738,
26296,
31640,Comedy
13780,
49105,Comedy Horror
32397,
34978,Drama
35011,Drama
23911,Comedy Drama Romance
17996,
47009,Comedy
29550,Drama
13312,Drama
24162,Animation
1862,Drama
10755,Drama
26886,Drama
48623,Drama
28043,Documentary
16534,Mystery Thriller
23449,Thriller War
12026,Drama
10989,
31660,Drama
50988,
29959,Sci-Fi
33932,
36014,Drama
7023,Drama
40960,Crime Thriller
32561,Horror Thriller
36613,Thriller
28307,Drama
24347,Horror
42756,
50328,
18991,Drama
7154,Drama
39338,Drama
7506,Action
6077,
51674,Drama
32877,
15541,Comedy
50835,Drama
23141,Comedy
12690,
4205,Documentary
9650,Thriller
34345,
37461,Drama
49124,Drama
49245,
16436,
34479,Drama Romance
2576,Horror
47378,Sci-Fi
29274,Sci-Fi
37842,Drama
11186,
49408,Drama Romance
31798,Thriller
22733,Action Crime Thriller
10874,Western
22188,Drama
26713,Comedy
10381,
11203,
5421,
3283,
20391,
35445,Drama
21250,Comedy
2104,
